x,c05,observed_z05,m0_local,m1_local_lzeros,m2_local_lzeros_cross,split
1000,-815.3269040162797,-0.0257829005430493,-0.02662847178922853,-0.025935202781391484,-0.025925613548520406,discovery
1009,-823.9855198046091,-0.025708860657706258,-0.026556457395166176,-0.025858941457829014,-0.025850497826982347,discovery
1017,-831.7628228295773,-0.025645907734560214,-0.026493074476737755,-0.025794471190872366,-0.025787104299641195,discovery
1026,-840.6172124858435,-0.025578627491409843,-0.0264224647869819,-0.025725798696858943,-0.025719418115646445,discovery
1035,-849.603583142565,-0.025515601493676036,-0.02635257922137476,-0.025661211875974692,-0.02565572671045171,discovery
1044,-858.7163210292706,-0.02545651622472609,-0.026283404706161136,-0.025600576216056947,-0.02559597902184333,discovery
1053,-867.9459933910848,-0.02540096089727425,-0.02621492850480643,-0.02554364158870937,-0.025540090927926282,discovery
1062,-877.316813333367,-0.02534951632800185,-0.026147138206728673,-0.025490062646440725,-0.025488023714994146,discovery
1072,-887.8771546476974,-0.025296515541036957,-0.026072605406713457,-0.02543393770879605,-0.02543400269013829,discovery
1081,-897.469317933597,-0.02525114461939176,-0.02600622377620237,-0.025385945172574864,-0.025387951766825026,discovery
1090,-907.1380658925589,-0.02520772454906614,-0.025940491407502146,-0.025339820571722772,-0.025343694741916823,discovery
1100,-917.9577525988491,-0.02516133420469646,-0.02586820333422354,-0.025290258856270002,-0.025295837938137222,discovery
1109,-927.7091423740114,-0.025119703983876907,-0.025803805250921952,-0.025246875520570873,-0.025253343015577776,discovery
1119,-938.5806989750376,-0.025074165572626973,-0.025732973107972425,-0.0251998627151832,-0.02520663275930025,discovery
1129,-949.5082140702762,-0.02502982500266027,-0.02566288651102834,-0.025154035597073198,-0.02516057463675276,discovery
1138,-959.3587942154668,-0.02499008123551952,-0.025600434599638004,-0.02511376893916492,-0.025119795879883968,discovery
1148,-970.357734738285,-0.024947040947613727,-0.025531726814121875,-0.025070069579204397,-0.025075503050706775,discovery
1158,-981.4382477456707,-0.02490577955838979,-0.025463725540463805,-0.02502742514603678,-0.025032442835101483,discovery
1168,-992.5574527403769,-0.02486516757851089,-0.02539641799992453,-0.024985812468086854,-0.024990462851781144,discovery
1179,-1004.8403908476444,-0.02482140587448261,-0.025323166119290922,-0.02494121046516263,-0.024945295083687313,discovery
1189,-1016.0696658494496,-0.02478281894187853,-0.02525727527873875,-0.024901690424324663,-0.024905075448985015,discovery
1199,-1027.3277569184115,-0.024744589166777246,-0.02519204060680302,-0.024863092236566284,-0.024865575799025156,discovery
1209,-1038.628816280263,-0.024707051269630357,-0.02512745061017035,-0.024825375880521704,-0.024826745012903894,discovery
1220,-1051.1276474954868,-0.024666964758490596,-0.025057132848219334,-0.02478492776208646,-0.024785034075027277,discovery
1231,-1063.6828518761959,-0.024627769398796517,-0.024987567063946524,-0.02474568715951799,-0.02474475157890705,discovery
1241,-1075.1843944902212,-0.02459377978718377,-0.02492496608433538,-0.024711214629097176,-0.024709584575867524,discovery
1252,-1087.9393654799437,-0.024558294215424742,-0.02485679696683691,-0.024674771799216816,-0.02467271811847678,discovery
1263,-1100.7862297842382,-0.024524375793364233,-0.024789339753896265,-0.024639963450163827,-0.02463787419486666,discovery
1274,-1113.7511550927643,-0.02449255124943722,-0.02472258137941077,-0.024606777983344413,-0.02460489433217577,discovery
1285,-1126.8119296811624,-0.024462269403706657,-0.024656509119751115,-0.02457512455189799,-0.024573485722045867,discovery
1296,-1139.9436242533893,-0.0244329480506985,-0.02459111058213037,-0.02454488457629741,-0.024543415189634734,discovery
1307,-1153.178253051884,-0.024405238849918118,-0.024526373693456772,-0.024515956120225113,-0.024514526732390404,discovery
1319,-1167.6810358620758,-0.024375696486117267,-0.024456492425541092,-0.024485807388751224,-0.024484045758834675,discovery
1330,-1181.038470935312,-0.02434930574704061,-0.02439310132093975,-0.024459390566262208,-0.02445683208677388,discovery
1342,-1195.7242424076596,-0.024322166691474408,-0.024324661236146482,-0.024431791459441476,-0.02442826472347514,discovery
1353,-1209.2633033636575,-0.024298204280715177,-0.02426256715471003,-0.024407478366708254,-0.0244034746684556,discovery
1365,-1224.1551755733717,-0.024273784722987555,-0.02419551644785244,-0.024381875793530034,-0.02437783499473822,discovery
1377,-1239.1338970831148,-0.024250311807694696,-0.02412917095603236,-0.024357098408655253,-0.02435323649101493,discovery
1389,-1254.1786262715973,-0.024227356318394854,-0.02406351765413724,-0.024333028411916726,-0.024329291981069846,discovery
1401,-1269.304454919521,-0.024205195872931462,-0.023998543860520777,-0.024309524489819476,-0.024305894509676348,discovery
1413,-1284.4883471393448,-0.02418337586938913,-0.02393423722526806,-0.024286382151845465,-0.024283157354390822,discovery
1425,-1299.7444964498823,-0.024162156371439734,-0.023870585718951606,-0.024263345992198815,-0.024260957947292737,discovery
1438,-1316.3220607884937,-0.0241392532377219,-0.023802355629780163,-0.02423822352571803,-0.02423708761629648,discovery
1450,-1331.6421911170928,-0.02411768082221936,-0.023740031680943324,-0.02421468166412255,-0.02421481698292303,discovery
1463,-1348.2628418747943,-0.024093953971496093,-0.02367321331699665,-0.02418865169073262,-0.024190065315511617,discovery
1476,-1364.862346874555,-0.024069070367153434,-0.023607108777444014,-0.024161941033345367,-0.024164519258655603,discovery
1488,-1380.1881148918999,-0.02404550411263351,-0.023546711195829313,-0.02413652486188975,-0.024140131457385233,discovery
1501,-1396.74398699757,-0.02401849395033174,-0.023481942094419405,-0.024107948152521916,-0.024112503040502144,discovery
1514,-1413.2593377419182,-0.023990154830771215,-0.023417848697619446,-0.02407804352292799,-0.024083242315812207,discovery
1527,-1429.6918602261537,-0.023959838643885657,-0.023354418636002013,-0.024046580734458166,-0.024051975091178162,discovery
1541,-1447.2461970789846,-0.023924256995084558,-0.023286837364967426,-0.02401072041535799,-0.024015603371252456,discovery
1554,-1463.4287951850447,-0.023888840704145497,-0.023224746866602905,-0.023975378017543965,-0.023979203755763935,discovery
1568,-1480.7096011039218,-0.023847936404623973,-0.023158581342490644,-0.023934892865904323,-0.023937378906513193,discovery
1581,-1496.64033134675,-0.023807820499034564,-0.023097781179924632,-0.023894866731200674,-0.023896104445343742,discovery
1595,-1513.6066064750771,-0.023761397715753873,-0.023032979791568004,-0.023848980090408662,-0.023848770610950823,discovery
1609,-1530.4037621679777,-0.023712205958430776,-0.02296886630183502,-0.023800074788861775,-0.02379847896038568,discovery
1623,-1547.0358097637109,-0.02366042747714665,-0.02290542790602665,-0.023748026154449108,-0.02374563509535972,discovery
1637,-1563.5243184149476,-0.02360650107870518,-0.022842652139556947,-0.023692721414225883,-0.023690367845417015,discovery
1651,-1579.8159690616005,-0.023549727683487755,-0.02278052686624995,-0.02363409543247965,-0.023632349148257178,discovery
1665,-1595.8828437345235,-0.023489817855100476,-0.022719040267129727,-0.023572178446389345,-0.02357127817834779,discovery
1680,-1612.8588789739108,-0.023422456810213228,-0.022653857427408053,-0.023502351968626007,-0.02350245218182178,discovery
1694,-1628.471251125795,-0.023356619566092064,-0.02259365750979277,-0.02343416864202798,-0.023435179427874323,discovery
1709,-1644.9353514968655,-0.023282828549134785,-0.022529827842682315,-0.02335817975793949,-0.02335996818332385,discovery
1724,-1661.126985790897,-0.023205821182718103,-0.022466678760930007,-0.023279421952918707,-0.023281645528300508,discovery
1739,-1677.0620364298693,-0.023125959191603627,-0.022404197548285418,-0.023198121882615975,-0.0232003390269969,discovery
1754,-1692.7361750678544,-0.023043311568541797,-0.02234237182744204,-0.023114492442171196,-0.023116182003832694,discovery
1769,-1708.1566119590566,-0.022958099670733364,-0.022281189548335033,-0.02302877798973911,-0.023029552028865908,discovery
1785,-1724.3684879496582,-0.022865081149080684,-0.02221662445125018,-0.022935386230492186,-0.022935119604081934,discovery
1800,-1739.3829367499832,-0.022776471660297865,-0.022156735111679662,-0.022846343559257867,-0.022845197666299655,discovery
1816,-1755.2292795019794,-0.02268088980689019,-0.022093523489205662,-0.022750155076585468,-0.022748107734525024,discovery
1832,-1770.906324230294,-0.022584339039962566,-0.022030990977112978,-0.022653050846831804,-0.02265018875262235,discovery
1847,-1785.4796695835425,-0.02249337202738186,-0.02197297214994414,-0.022561416043903035,-0.022558057345538805,discovery
1864,-1801.8928179048253,-0.022390309261377764,-0.021907912518493458,-0.02245706470770871,-0.022453577842713398,discovery
1880,-1817.221686829421,-0.02229313454796588,-0.02184734203437397,-0.022358523438872315,-0.022355198519626026,discovery
1896,-1832.4229074325501,-0.02219566762977388,-0.021787401562128474,-0.022259803596544975,-0.02225665690922236,discovery
1913,-1848.4708108563334,-0.022092259810429844,-0.021724392286217777,-0.022154864852750207,-0.022151868534792854,discovery
1929,-1863.449865548558,-0.021994767294103785,-0.021665715305698604,-0.022056176598373285,-0.0220534419245364,discovery
1946,-1879.287184711416,-0.021891670274788003,-0.021604023589853708,-0.02195150444775818,-0.02194916860833977,discovery
1963,-1895.0138678688131,-0.021788731297565467,-0.021542991782652912,-0.021847083540441594,-0.0218451714673771,discovery
1980,-1910.6633717670054,-0.021686346506041572,-0.021482607529452056,-0.021742942230959527,-0.021741717309519716,discovery
1997,-1926.2468797022113,-0.02158464205032094,-0.021422858805409763,-0.021639104118225262,-0.021639020944989013,discovery
2014,-1941.7271563016975,-0.021483201664275715,-0.02136373390408588,-0.02153562717705906,-0.0215367776870587,discovery
2032,-1958.0058265305126,-0.021376097633446462,-0.021301798349366474,-0.02142659053972782,-0.021428698071044094,discovery
2049,-1973.2563451877347,-0.021275049067658,-0.02124392222594801,-0.02132429755909375,-0.021327000278908922,discovery
2067,-1989.3469690517504,-0.021168974590697984,-0.021183284346636487,-0.021216947284785164,-0.021220078686300214,discovery
2085,-2005.377924454106,-0.021063820291498146,-0.021123295308295317,-0.021110805803099153,-0.021114168754062402,discovery
2103,-2021.3640524517134,-0.02095972735339928,-0.021063942966369716,-0.021006044923171725,-0.021009553196498654,discovery
2122,-2038.255346687989,-0.020851654527566526,-0.02100197095268054,-0.020897080597479252,-0.0209007915167752,discovery
2140,-2054.245270612394,-0.020750646680607113,-0.02094389059961486,-0.020795432851269047,-0.020799207474733458,discovery
2159,-2071.0830696486564,-0.020645174355004486,-0.020883235946179652,-0.020689798595295485,-0.020693088885847165,discovery
2177,-2086.972940136019,-0.020546089445452824,-0.020826380293102357,-0.020591239181488516,-0.02059351737914504,discovery
2196,-2103.7486166686494,-0.02044303347308742,-0.02076699441884906,-0.02048871498179009,-0.020489852213306955,discovery
2215,-2120.5609063590646,-0.020341836292361637,-0.020708242032807894,-0.020387669239082678,-0.020388009352261097,discovery
2235,-2138.2663603828114,-0.020236971143036596,-0.020647068810855682,-0.020282883122413727,-0.020282660306279517,discovery
2254,-2155.107444248224,-0.02013900730789321,-0.020589580073445385,-0.02018488126610427,-0.02018422254713272,discovery
2274,-2172.8905727178185,-0.020037898166496423,-0.02052971187080115,-0.02008343752674186,-0.020082543780193696,discovery
2293,-2189.83069700913,-0.019943641429936477,-0.020473439659195958,-0.01998879085279014,-0.019987933109021902,discovery
2313,-2207.718691600891,-0.01984633351993387,-0.02041482820328364,-0.01989108606673038,-0.01989031358091491,discovery
2333,-2225.693504321066,-0.01975118924204213,-0.020356843334941557,-0.019795478017643902,-0.019794707940706056,discovery
2354,-2244.6437677405916,-0.019653402072125573,-0.02029662078433849,-0.01969748672067812,-0.01969663883803902,discovery
2374,-2262.794366791219,-0.01956248477856765,-0.020239884167006752,-0.019606540435892085,-0.019605392014531847,discovery
2395,-2281.956998990797,-0.019469248112570135,-0.020180947500700392,-0.01951356637501455,-0.01951185637529982,discovery
2415,-2300.3504305490906,-0.01938287959371597,-0.020125412566420527,-0.019427371118205316,-0.019425210123520414,discovery
2436,-2319.8414664894945,-0.019294893292456053,-0.020067714199785654,-0.019339266277811448,-0.019336898554428706,discovery
2457,-2339.527175404359,-0.019209690136773743,-0.020010632470117067,-0.019253598632918333,-0.01925127106786208,discovery
2479,-2360.373812039846,-0.019123439112285066,-0.019951481406502908,-0.019166537312009305,-0.01916463360741977,discovery
2500,-2380.5257805152532,-0.019044206244122026,-0.01989562673228077,-0.01908615250927519,-0.01908503025494953,discovery
2522,-2401.9034414412963,-0.01896434821548941,-0.01983773689780861,-0.0190050117914248,-0.019004828699032996,discovery
2544,-2423.5767980848823,-0.01888778913945478,-0.019780474171528284,-0.018927248449110905,-0.018927869524844453,discovery
2566,-2445.5404441864302,-0.01881437827280294,-0.019723826692835025,-0.01885303749926199,-0.018854121720255853,discovery
2588,-2467.7979487902185,-0.018744039505269195,-0.01966778292062376,-0.018782426773870407,-0.018783517535229385,discovery
2611,-2491.4127424762164,-0.01867391482612471,-0.01960982500767758,-0.01871234810380221,-0.018713174899127917,discovery
2633,-2514.369940441046,-0.018610279143391757,-0.019554981426343394,-0.01864870012802575,-0.01864919685908606,discovery
2656,-2538.6840335057177,-0.018546695662723423,-0.019498254681039585,-0.018585513862727505,-0.01858547573476832,discovery
2679,-2563.363309881621,-0.018486346688733245,-0.019442139558165213,-0.018525696210915137,-0.018525019047040698,discovery
2703,-2589.58862238017,-0.01842730014575389,-0.01938422429214993,-0.01846694550661657,-0.018465783742538593,discovery
2726,-2615.1800801186946,-0.01837438543849563,-0.019329323552461145,-0.018414276113725106,-0.018412855344014135,discovery
2750,-2642.4205645696675,-0.01832326656996651,-0.01927265141488323,-0.018363170017777167,-0.01836173466928706,discovery
2774,-2670.2545207759813,-0.01827649760657302,-0.01921659609659064,-0.018315954766692056,-0.01831489404142757,discovery
2798,-2698.670765434901,-0.018233848378567848,-0.01916114588588883,-0.018272512262100426,-0.018272116540291972,discovery
2822,-2727.6214684323413,-0.018194854453835833,-0.019106289387686992,-0.018232706088864625,-0.01823302936244554,discovery
2847,-2758.3146381206825,-0.018157773878909742,-0.019049766584232956,-0.018194970434378444,-0.018195818969632398,discovery
2871,-2788.2788059565237,-0.01812535030665261,-0.018996088133432856,-0.018162205544910597,-0.018163235695632482,discovery
2896,-2820.0593806466186,-0.018095076223273835,-0.018940769357432528,-0.018131585930457206,-0.01813273384147844,discovery
2921,-2852.467024087915,-0.018068549798141462,-0.018886047635184065,-0.0181045180142034,-0.018105913122321897,discovery
2947,-2886.8044353721216,-0.018044595876101212,-0.018829758322506784,-0.018080199792284275,-0.018081785691216372,discovery
2972,-2920.4687684051023,-0.018025169553992915,-0.018776220068970943,-0.018060634839910068,-0.018062148084349722,discovery
2998,-2956.2257872332466,-0.018009023229682414,-0.018721138232740336,-0.018044402990631262,-0.018045673662422858,discovery
3024,-2992.7861343644636,-0.017997119603410064,-0.018666654580143625,-0.018032445174823063,-0.018033524974173185,discovery
3050,-3030.194335215081,-0.01798956752737776,-0.018612757786828114,-0.018024724073422847,-0.018025729772895027,discovery
3077,-3069.9261673988476,-0.017986086856250857,-0.018557397380971702,-0.018021013417636195,-0.01802198274173376,discovery
3104,-3110.5320792737984,-0.017986725869497587,-0.01850264596018966,-0.01802138331618467,-0.018022396605754824,discovery
3131,-3152.0110780569576,-0.01799132437564583,-0.01844849185039888,-0.01802543118736258,-0.018026686997613586,discovery
3158,-3194.2753779059367,-0.017999239897181413,-0.018394923695967864,-0.01803271599794484,-0.01803432256992971,discovery
3185,-3237.2221111532235,-0.018009777320619296,-0.018341930448479243,-0.01804280730725037,-0.018044549791545694,discovery
3213,-3282.3513341869702,-0.018022663604315408,-0.01828757023463565,-0.018055809855062045,-0.018057168528207913,discovery
3241,-3328.028678623323,-0.018037174776860985,-0.018233805074298056,-0.01807097606458451,-0.01807147292452311,discovery
3269,-3374.270681999149,-0.018053339014580054,-0.0181806236200932,-0.018087873544612505,-0.018087336063575345,discovery
3297,-3421.016787821416,-0.018070775256145782,-0.018128014832528905,-0.01810605037422629,-0.01810453517818178,discovery
3326,-3469.924374762335,-0.01808991983673805,-0.0180741194133027,-0.018125727396171864,-0.018123449443311894,discovery
3355,-3519.280073097083,-0.01810985794506391,-0.018020815163415638,-0.01814574580594971,-0.018143192251511096,discovery
3384,-3569.006961999692,-0.018130169467356346,-0.017968090790093035,-0.018165560004253605,-0.018163267344855072,discovery
3413,-3618.945763415989,-0.018150042321147343,-0.017915935307442517,-0.018184623142910018,-0.018182857887067853,discovery
3443,-3670.6128960631554,-0.01816908480603174,-0.017862568638415118,-0.0182030175432961,-0.018201695594015372,discovery
3473,-3722.1763779544044,-0.018186108326921795,-0.017809787819817274,-0.018219609943045056,-0.018218415820666106,discovery
3503,-3773.5124547463056,-0.018200594829485123,-0.017757581654651338,-0.01823403417964537,-0.018232643753624413,discovery
3533,-3824.5655054743333,-0.018212377665053674,-0.017705939250314596,-0.018245944839782143,-0.018244218543633037,discovery
3564,-3877.015902317388,-0.018221790086935512,-0.01765315643863377,-0.01825519514052193,-0.01825332751895645,discovery
3595,-3929.0297975018675,-0.018227914399121383,-0.017600952905922222,-0.01826088179882024,-0.01825923723187925,discovery
3626,-3980.5134343648024,-0.01823045022980691,-0.017549317587073343,-0.018262638012429194,-0.018261359351239768,discovery
3658,-4032.917612125486,-0.018228620279954217,-0.01749660120661298,-0.018260162114657842,-0.018259239930618367,discovery
3689,-4083.001268240374,-0.01822285972020609,-0.017446087785146256,-0.018253654375125713,-0.018253184295270293,discovery
3721,-4134.007401839086,-0.018213010788740405,-0.017394507478619026,-0.01824281947206538,-0.018242979492735525,discovery
3754,-4185.810754271061,-0.01819860869884373,-0.017341902452690586,-0.01822732437636333,-0.01822810979326962,discovery
3786,-4235.139796892444,-0.018180123788263246,-0.017291450011137417,-0.018208059897344527,-0.018209300324959238,discovery
3819,-4285.065793437342,-0.018156536496388605,-0.017239985850628498,-0.018183755630108725,-0.018185327643869834,discovery
3852,-4334.005378708762,-0.018128423084622404,-0.01718908441117293,-0.018154978676013477,-0.018156666197088826,discovery
3886,-4383.295879833382,-0.01809450024900277,-0.017137217756056033,-0.018120830714003163,-0.018122290283305365,discovery
3920,-4431.509305901581,-0.01805604236683463,-0.017085925697947753,-0.018082393548724374,-0.01808343646424528,discovery
3954,-4478.795362297469,-0.01801383673862261,-0.017035197166421108,-0.018039975310974943,-0.01804072627052758,discovery
3988,-4525.187590311145,-0.017968170626025945,-0.016985021394264277,-0.017993891956785992,-0.017994574268498164,discovery
4023,-4572.0397534104995,-0.017917810907517446,-0.016933936202548138,-0.017942971199091835,-0.017943763508708584,discovery
4058,-4618.029767785427,-0.017864409443881377,-0.016883414550941615,-0.01788887031928098,-0.01788989572416885,discovery
4093,-4663.173049459651,-0.017808154520969864,-0.016833445630778245,-0.01783190293861432,-0.017833203902282626,discovery
4128,-4707.528243703721,-0.017749388745903996,-0.016784018928079687,-0.017772316572341233,-0.017773912361800273,discovery
4164,-4752.309570852584,-0.017686367386752215,-0.016733734938714766,-0.017708498636207118,-0.01771039448127117,discovery
4200,-4796.223515590513,-0.017620794181489947,-0.016684002942989724,-0.017642285800430816,-0.01764435064721868,discovery
4237,-4840.450122308266,-0.01755084591272603,-0.016633453633825894,-0.017571867989274487,-0.01757391426264134,discovery
4274,-4883.756454539124,-0.017478422028226134,-0.016583465164640564,-0.017499101348822887,-0.017500987850874655,discovery
4311,-4926.1033083364455,-0.017403495335127396,-0.016534026721685382,-0.01742395105508954,-0.01742550414382098,discovery
4348,-4967.409805603433,-0.01732589536019045,-0.01648512778752518,-0.01734635506163302,-0.01734733992142162,discovery
4386,-5008.688469594638,-0.017243327599234824,-0.016435458094241316,-0.017264101859793903,-0.017264259996781044,discovery
4424,-5048.84072356244,-0.017158092022959728,-0.016386335894464785,-0.017179327201072226,-0.01717845934784716,discovery
4462,-5087.899857789421,-0.01707041996941595,-0.01633775070285641,-0.017092169629922143,-0.017090258110099423,discovery
4501,-5126.977137144611,-0.016978443016061218,-0.01628843464811071,-0.017000421935492394,-0.016997700175299817,discovery
4540,-5165.089128362418,-0.01688472690782646,-0.016239662769202304,-0.016906578897068064,-0.01690345534513398,discovery
4580,-5203.228200262179,-0.016787060528497277,-0.016190194687889927,-0.016808487163956068,-0.016805332100265306,discovery
4619,-5239.580247503438,-0.016690700065560938,-0.016142493447354342,-0.01671147754832853,-0.016708504292956467,discovery
4659,-5276.091172697163,-0.016591025316745528,-0.016094102406608315,-0.01661107356553759,-0.01660836375193951,discovery
4700,-5312.847289238857,-0.016488477120732727,-0.016045051326778734,-0.016507719123481573,-0.016505375458563638,discovery
4741,-5349.07324406695,-0.016386024945837428,-0.015996546016488127,-0.016404383901398544,-0.016402544303208484,discovery
4782,-5384.891087631321,-0.01628405521200286,-0.015948575931548976,-0.016301472121414865,-0.016300222275583143,discovery
4823,-5420.381333042859,-0.016182810481231016,-0.01590113081715857,-0.01619933304456477,-0.01619866398413547,discovery
4865,-5456.481712010465,-0.016080088589009663,-0.015853062411813824,-0.016095802618488492,-0.016095595247188524,discovery
4908,-5493.236288268714,-0.015976124977401474,-0.015804398508647902,-0.015991194781404896,-0.01599133130603307,discovery
4950,-5529.058462218231,-0.01587608383726568,-0.015757392201461103,-0.015890542943698363,-0.015891033714261607,discovery
4993,-5565.701640428283,-0.015775298016315057,-0.015709794715010623,-0.01578921079242309,-0.015790042262734002,discovery
5036,-5602.338355852516,-0.01567619844391769,-0.015662721245405298,-0.01568978542500793,-0.015690789210488637,discovery
5080,-5639.971315757439,-0.015576910578921715,-0.015615085038048778,-0.015590186398120816,-0.015591237141265795,discovery
5124,-5677.762991594872,-0.015479737011395121,-0.015567976586447709,-0.015492846390650794,-0.015493903765042508,discovery
5169,-5716.625150299548,-0.015382606033736222,-0.015520332798903639,-0.015395631733979839,-0.015396607848715896,discovery
5214,-5755.724647922978,-0.015287746370614948,-0.015473219861916267,-0.015300723430353687,-0.015301532273409116,discovery
5259,-5795.049714179177,-0.015195059667419873,-0.015426627512972425,-0.015208074633651094,-0.015208744266669088,discovery
5305,-5835.609364950597,-0.015102822915626275,-0.015379527457246212,-0.015115701534437892,-0.015116285402953674,discovery
5351,-5876.502434594824,-0.015012965754653081,-0.01533295058796348,-0.015025722332568088,-0.015026286233096002,discovery
5397,-5917.832778546306,-0.014925677788343158,-0.01528688682348327,-0.014938182460743814,-0.014938892890330263,discovery
5444,-5960.554391551073,-0.01483916557079314,-0.015240341430809745,-0.014851323154793913,-0.014852315767188257,discovery
5491,-6003.781127733037,-0.014755287833750453,-0.015194311286100567,-0.014767177403269001,-0.014768375589815983,discovery
5539,-6048.51240277717,-0.014672412485168478,-0.015147823303535667,-0.014684179029116548,-0.014685365933008806,discovery
5587,-6093.846246952944,-0.014592291119937954,-0.015101852162694523,-0.014604270032374663,-0.014605261770978453,discovery
5636,-6140.96376090169,-0.014513764029505757,-0.015055446046704286,-0.014525939952735824,-0.014526745250360682,discovery
5685,-6189.075918815606,-0.014438766943628572,-0.01500955784095209,-0.01445087296004817,-0.014451679926313011,discovery
5734,-6238.177340356602,-0.014367168455399397,-0.014964177523393116,-0.014379020555045982,-0.014380012251934419,discovery
5784,-6289.187376233667,-0.014297236711068487,-0.014918384504393605,-0.01430895471304711,-0.014310149548647687,discovery
5834,-6341.12573014026,-0.014230387528978067,-0.014873100096746826,-0.014242081936095016,-0.014243284798808244,discovery
5885,-6395.033845896367,-0.014165214214851462,-0.014827423817468951,-0.014176996482601172,-0.014178024071150744,discovery
5936,-6449.825729917191,-0.014102858291067635,-0.014782256403553724,-0.014114841094538873,-0.01411562416883727,discovery
5987,-6505.417194467083,-0.014043044304725711,-0.014737588028410693,-0.014055401309486902,-0.014055820254202486,discovery
6039,-6562.971011766265,-0.01398469315026092,-0.01469254771192253,-0.013997462381472425,-0.013997421871327038,discovery
6092,-6622.6260973644985,-0.013928052469775527,-0.014647154672176017,-0.013941160162397255,-0.013940660023050487,discovery
6144,-6682.097889361605,-0.01387509684267203,-0.014603112120701952,-0.013888664389323778,-0.013887635159580547,discovery
6198,-6744.903031804293,-0.013822874103580437,-0.014557883478842414,-0.013837076336927306,-0.013835427352793726,discovery
6252,-6808.953853510811,-0.013773741777511084,-0.014513162255620686,-0.013788505850016968,-0.013786331113686547,discovery
6306,-6874.405353721835,-0.01372790254347384,-0.014468938587909366,-0.013743005388624432,-0.013740430203804511,discovery
6361,-6942.615455283518,-0.013684691690430162,-0.014424397506472668,-0.013699917949414503,-0.013697084067079852,discovery
6416,-7012.382187586758,-0.013644858772906818,-0.014380352776271964,-0.013660240822224274,-0.013657354249884818,discovery
6472,-7085.269114587565,-0.013608134323799597,-0.014336007299634189,-0.0136234351191579,-0.013620635037398311,discovery
6528,-7160.079854994725,-0.013575244094553865,-0.014292156620045873,-0.01359024533220621,-0.013587635880340725,discovery
6585,-7238.135572836858,-0.01354543773855521,-0.014248021144398887,-0.01356004536729515,-0.013557766363095495,discovery
6642,-7318.017175038018,-0.013519017104643611,-0.014204378583098058,-0.01353321897101396,-0.013531319874245981,discovery
6699,-7399.643462248725,-0.013495712811285136,-0.014161219402163997,-0.013509436494801234,-0.013507971686139023,discovery
6758,-7485.905767318127,-0.013474637012724411,-0.014117045105082915,-0.013487600012042609,-0.013486810322091813,discovery
6816,-7572.214908753678,-0.013456389784887505,-0.01407410495583733,-0.013468424950934659,-0.013468502031320025,discovery
6875,-7661.231085520372,-0.013439697953257931,-0.01403090867490968,-0.013450781927840152,-0.013451739295185576,discovery
6935,-7752.76723715727,-0.013424157754519593,-0.013987471399809931,-0.013434341569209626,-0.01343602879600418,discovery
6995,-7845.059024657687,-0.013409563377976857,-0.013944519784753504,-0.013419055272746228,-0.013421323911131228,discovery
7056,-7939.529154966913,-0.01339543710683058,-0.013901340489116204,-0.013404362820766935,-0.013407143251891233,discovery
7117,-8034.4636616191,-0.013381704707362732,-0.013858643856221525,-0.013390182548934954,-0.013393224775547852,discovery
7179,-8131.107310953274,-0.013367609883351093,-0.013815732253520554,-0.013375932474909733,-0.013378875703345311,discovery
7241,-8227.734773706496,-0.01335311109541665,-0.013773300086197886,-0.013361521291466937,-0.013364208868900794,discovery
7304,-8325.858934278458,-0.013337913652401117,-0.013730665079412892,-0.013346475943985352,-0.013348854185402485,discovery
7368,-8425.389094106458,-0.013321880708942396,-0.013687840665200474,-0.013330646602756121,-0.013332638571352943,discovery
7432,-8524.770737025083,-0.013305284232222478,-0.013645497838646214,-0.01331420961337506,-0.013315771001225067,discovery
7496,-8623.876395153407,-0.013287955235213277,-0.013603627228362237,-0.013297123058571026,-0.01329825359959431,discovery
7561,-8724.307947321326,-0.01326973132326227,-0.013561576356244606,-0.013279047681995663,-0.01327987341112474,discovery
7627,-8826.008044375083,-0.013250543719251322,-0.013519357770576881,-0.013259881597830467,-0.01326054203559621,discovery
7693,-8927.25713889821,-0.013230444814069584,-0.013477612666126812,-0.013239836468431096,-0.013240338640008708,discovery
7760,-9029.652648190237,-0.013209259203035183,-0.013435709913775963,-0.013218549897838995,-0.01321886559766913,discovery
7827,-9131.358379450574,-0.013186890112507102,-0.013394276288812035,-0.01319632075956957,-0.013196325596062954,discovery
7895,-9233.86515020891,-0.01316301349008707,-0.013352694599003092,-0.013172873691629606,-0.013172405355387778,discovery
7964,-9337.585026699478,-0.013138255169682277,-0.013310976310359764,-0.013148358341419024,-0.013147471088758472,discovery
8033,-9441.194261419056,-0.013113248258366407,-0.013269727050505617,-0.013123399674295046,-0.013122224206534482,discovery
8103,-9546.176932811659,-0.013087621338016808,-0.01322834988659639,-0.013097935549324069,-0.013096512986660992,discovery
8173,-9651.31417199934,-0.013062136105641903,-0.013187436801993812,-0.013072553753742014,-0.013070942542731001,discovery
8244,-9758.237042948698,-0.013036601458900154,-0.013146404078322576,-0.013046993638499343,-0.01304525691431749,discovery
8316,-9866.829345719456,-0.013010856765862803,-0.013105262171515834,-0.013021275646258528,-0.013019432472264331,discovery
8388,-9975.66115780761,-0.0129853618564881,-0.013064583070542668,-0.012995780332442084,-0.012993852286088254,discovery
8461,-10086.39254492407,-0.012959949926970495,-0.013023802243259209,-0.012970253981152308,-0.01296833116340864,discovery
8534,-10197.577077438096,-0.012935047825304429,-0.012983478793711228,-0.012945222272229735,-0.012943390106403637,discovery
8608,-10310.887381031509,-0.012910487926708306,-0.012943060695319966,-0.012920553789816195,-0.012918798945519326,discovery
8683,-10426.584085969156,-0.012886570333977443,-0.012902557467673966,-0.012896481670047847,-0.012894822654966883,discovery
8758,-10543.324649799433,-0.012863826331133041,-0.012862509345846516,-0.01287355481617406,-0.012872119227754903,discovery
8835,-10664.601085183876,-0.012842062650839706,-0.012821857470527316,-0.01285144342005968,-0.01285036369504803,discovery
8911,-10785.907498665467,-0.012822332245441275,-0.012782185725261633,-0.012831265599024184,-0.012830622377862828,discovery
8989,-10912.188724763484,-0.012803974418991408,-0.012741927947211951,-0.012812439058274939,-0.012812311014752439,discovery
9067,-11040.393572187866,-0.012787602621194629,-0.012702125021831212,-0.012795605525354206,-0.012796023566000854,discovery
9145,-11170.664144963484,-0.012773309338975832,-0.01266276806887153,-0.012780758725256743,-0.012781697353076398,discovery
9225,-11306.197860522323,-0.012760480235119644,-0.01262285619054318,-0.01276753168700741,-0.012768899406811965,discovery
9305,-11443.619949810949,-0.012749373962614406,-0.012583395309157544,-0.012756251125627666,-0.012757894663312671,discovery
9386,-11584.810826986872,-0.012739961676941329,-0.012543891648299521,-0.012746739827318915,-0.01274849885453124,discovery
9467,-11727.99168884713,-0.012732247841437762,-0.012504832419921974,-0.012739091485061527,-0.012740794343062925,discovery
9549,-11874.95240256346,-0.012726091384917863,-0.012465734841667214,-0.012733191480237707,-0.01273470817822647,discovery
9632,-12025.994440309165,-0.01272173333308691,-0.012426606380233195,-0.012729029984681723,-0.01273035777145578,discovery
9716,-12181.154924385271,-0.012719124182262826,-0.01238745430817439,-0.012726528251135547,-0.012727755817999502,discovery
9800,-12338.394398606917,-0.012718020915756655,-0.012348743918170545,-0.012725504618420327,-0.012726648444886916,discovery
9885,-12499.257541469324,-0.012718011288167717,-0.012310013496841602,-0.01272563714417532,-0.012726601257941877,discovery
9971,-12663.456774859373,-0.012718743176532543,-0.012271269872988731,-0.012726575748842985,-0.012727326354121327,discovery
10058,-12830.897037164446,-0.012720072100955103,-0.012232519691276108,-0.012727936307651263,-0.012728575360470895,discovery
10145,-12999.182686583354,-0.012721489686798293,-0.012194207275448276,-0.012729281918729081,-0.012729893267655534,discovery
10233,-13169.632761116018,-0.012722404616190607,-0.012155891109851762,-0.012730152053020699,-0.01273073895905103,discovery
10322,-13341.784530276114,-0.012722373473399313,-0.012117577427238731,-0.012730011613850059,-0.012730554948434815,discovery
10412,-13514.868260510984,-0.012720687317203886,-0.012079272286570616,-0.012728334472204596,-0.012728781921885517,discovery
10502,-13686.66345022546,-0.012717143366494658,-0.012041399979208077,-0.012724747193032532,-0.01272505070924005,discovery
10593,-13858.667611281551,-0.01271138931790581,-0.012003538326963168,-0.012718956304912824,-0.012719100739116852,discovery
10685,-14030.504355043766,-0.012703151955331256,-0.011965693008152792,-0.012710744102275703,-0.012710697956827353,discovery
10778,-14201.896056471238,-0.0126922629466992,-0.011927869537756527,-0.012699859251461599,-0.01269962697972197,discovery
10872,-14372.392610868095,-0.01267841334751467,-0.01189007326964194,-0.012685968842554397,-0.012685602922979057,discovery
10966,-14539.735921472176,-0.012661470760063995,-0.011852704668443398,-0.01266890210196926,-0.012668388113982082,discovery
11061,-14705.00034953512,-0.012640767709515992,-0.011815364530102738,-0.012648215699989893,-0.012647470980447844,discovery
11157,-14867.82986176444,-0.012616138064376163,-0.01177805786598472,-0.012623699360176738,-0.01262264378386878,discovery
11254,-15027.995926286496,-0.012587535327706009,-0.011740789536814877,-0.01259523104923383,-0.01259383339982714,discovery
11352,-15185.26524228624,-0.012554915917287492,-0.011703564255014664,-0.012562730959936574,-0.012561004202003581,discovery
11450,-15337.90740248987,-0.01251866107027665,-0.011666759999271243,-0.012526518926522038,-0.012524479740192846,discovery
11550,-15488.691657051142,-0.012477907382352047,-0.011629630113129598,-0.012485798446701177,-0.012483565373187103,discovery
11650,-15634.735920085435,-0.012433736577170364,-0.011592921573828437,-0.012441351660345995,-0.012439203152564964,discovery
11751,-15777.279258783135,-0.012385680512688655,-0.01155626523743877,-0.01239279544688136,-0.012390959303944961,discovery
11853,-15915.970764130318,-0.012333624046331789,-0.011519665236537744,-0.012340182002523157,-0.012338731512628837,discovery
11956,-16050.605758603011,-0.012277574214766659,-0.011483125570406646,-0.012283616487700166,-0.012282536357074846,discovery
12060,-16181.189467455752,-0.012217700686113758,-0.011446650107439704,-0.0122232514305943,-0.012222502894636614,discovery
12165,-16307.705270458962,-0.012154152576457635,-0.01141024258756976,-0.012159264581307703,-0.012158845260612134,discovery
12270,-16429.150116769684,-0.012087827500913554,-0.011374247478823082,-0.0120924842257892,-0.01209245373921929,discovery
12377,-16548.066644810144,-0.012017777935815132,-0.011337982678401567,-0.012021817471073394,-0.012022283043937418,discovery
12484,-16662.166318041825,-0.011945403526604342,-0.011302129496308226,-0.011948784967096664,-0.011949781882435118,discovery
12593,-16773.482604507022,-0.011869418358531178,-0.011266021058259903,-0.011872264906665752,-0.011873719106887946,discovery
12702,-16880.108577737454,-0.011791446183453288,-0.01123032313226738,-0.011793923955493968,-0.011795739933409282,discovery
12813,-16984.392945263167,-0.011710455544560188,-0.011194383759146892,-0.011712572534324114,-0.011714680807906455,discovery
12924,-17084.514651701487,-0.01162805886287798,-0.011158853497177885,-0.011629876172144336,-0.011632152326984922,discovery
13036,-17181.319752440628,-0.011543566060882256,-0.011123409637833476,-0.011545274345910028,-0.011547568179126702,discovery
13149,-17274.872186681947,-0.011457127726829466,-0.01108805499422556,-0.01145893439046857,-0.011461125249345396,discovery
13263,-17365.684405242966,-0.01136918280826662,-0.01105279227475544,-0.011371047708621932,-0.011373098520818224,discovery
13379,-17454.692586475292,-0.01127915912777456,-0.011017320030492234,-0.011281053201943222,-0.011282994056736396,discovery
13495,-17540.621568027447,-0.011188854996539457,-0.010982252330334119,-0.011190742534435494,-0.011192542860662395,discovery
13612,-17624.110890200784,-0.011097478340884613,-0.010947284035569696,-0.011099605336783537,-0.011101118267430318,discovery
13730,-17705.60551112875,-0.011005378356523743,-0.010912417458865523,-0.011007923119996878,-0.011008967813341201,discovery
13849,-17785.534997236013,-0.0109128782649766,-0.01087765481956354,-0.010915959901068662,-0.010916418673741678,discovery
13970,-17865.036117569973,-0.01081955227049148,-0.01084271109889348,-0.010823151934439921,-0.01082298301282412,discovery
14091,-17942.90618137751,-0.010727044048584334,-0.010808165891271076,-0.010731159454627805,-0.010730361792093523,discovery
14213,-18019.892994077443,-0.0106346591185179,-0.010773730703502375,-0.010639310784676545,-0.01063794430251442,discovery
14337,-18097.087413349356,-0.01054195738505966,-0.010739129952998453,-0.010547003145194711,-0.010545219918736823,discovery
14461,-18173.627828454286,-0.01045067015860787,-0.010704923475358947,-0.010455921390932713,-0.01045383896223344,discovery
14587,-18250.745844775665,-0.010359329402369284,-0.010670561173536042,-0.010364809034900568,-0.010362432112041466,discovery
14713,-18327.510151290095,-0.010269554789491738,-0.010636590081647277,-0.010275286086630793,-0.010272633313833443,discovery
14841,-18405.619639210447,-0.010180185584698735,-0.010602472443304435,-0.010186076116562998,-0.010183280495776542,discovery
14970,-18485.18741998553,-0.010092323377414827,-0.010568480791707002,-0.010098075562787011,-0.01009539440154645,discovery
15100,-18566.719284850893,-0.0100062131597719,-0.010534616422591181,-0.010011553069966152,-0.010009263739659248,discovery
15231,-18650.709157617166,-0.009922079957415854,-0.010500880562477255,-0.009926849120990426,-0.009925128039278785,discovery
15363,-18737.670670215735,-0.009840146307867509,-0.010467274370592607,-0.009844296511046362,-0.009843184723508513,discovery
15497,-18828.661174684996,-0.009759958943138929,-0.010433548691551065,-0.009763554250651252,-0.009763049044314695,discovery
15631,-18923.0767078281,-0.009683037309518736,-0.010400207898041292,-0.009685974445028236,-0.009686120257229501,discovery
15767,-19022.519933788113,-0.009608253359614837,-0.010366755254677998,-0.009610471194011401,-0.009611323725725191,discovery
15904,-19126.315706714093,-0.009536121363206909,-0.010333441813889285,-0.009537673979017818,-0.00953918764811187,discovery
16042,-19234.602627034925,-0.009466631031517011,-0.010300268322097239,-0.009467624594304969,-0.009469674170774347,discovery
16181,-19347.4880262694,-0.009399755338794799,-0.010267235470646563,-0.009400402973584989,-0.009402804513390773,discovery
16322,-19466.342987232347,-0.009335214703608456,-0.010234110307464125,-0.009335710062812103,-0.00933824619295853,discovery
16463,-19590.166981813243,-0.009274161844511075,-0.010201363254018785,-0.009274678472449682,-0.00927713833422093,discovery
16606,-19721.356940792597,-0.009215931608040906,-0.010168530272473658,-0.00921668477881246,-0.00921887617634285,discovery
16751,-19860.90229828177,-0.009160894191201719,-0.010135619668092889,-0.009162028670442041,-0.009163823628445825,discovery
16896,-20007.635553024535,-0.00911003229755895,-0.010103085696216992,-0.009111638831992291,-0.009112964196,discovery
17043,-20164.2636555605,-0.009062818893588707,-0.010070479833896077,-0.009064992376291707,-0.009065721736501145,discovery
17191,-20330.597667957452,-0.009019831727707067,-0.010038027907318831,-0.009022668325966841,-0.009022683123120694,discovery
17340,-20507.640356530523,-0.008981358931050709,-0.010005730031903123,-0.008984928280157647,-0.008984224062721712,discovery
17491,-20698.053745515354,-0.008947620392472105,-0.009973373225494783,-0.008951827247191648,-0.008950513510905055,discovery
17642,-20900.515511829653,-0.008919392416595532,-0.009941386071384825,-0.00892400112789125,-0.008922282581248633,discovery
17796,-21119.91286999185,-0.008896281704509682,-0.009909136619106867,-0.008901061943716315,-0.008899158344704863,discovery
17950,-21352.43403068323,-0.008878727137755855,-0.00987725660356131,-0.008883526885222265,-0.008881593046667725,discovery
18106,-21601.140085136038,-0.008866309744482754,-0.009845331771146885,-0.008871068793586056,-0.008869209574071153,discovery
18263,-21864.667865045383,-0.00885900008628222,-0.009813570053723823,-0.008863576787158108,-0.008861945185806342,discovery
18422,-22144.743563257216,-0.008856568552640075,-0.009781772301407723,-0.008860679541290068,-0.008859450116339575,discovery
18582,-22438.605508750654,-0.008858438608360678,-0.009750141564694718,-0.008862024590986471,-0.008861311840451962,discovery
18743,-22745.86125895867,-0.008864285350800182,-0.009718677392155489,-0.008867257529634465,-0.008867163416131887,discovery
18906,-23068.221595903524,-0.008873902124225569,-0.009687187223261796,-0.008876182952712548,-0.008876765845597262,discovery
19070,-23403.1320617498,-0.008886851921735444,-0.009655867034972669,-0.008888540204505437,-0.00888967903244541,discovery
19236,-23752.04040446077,-0.008902844148416411,-0.009624528516229258,-0.008904114791478675,-0.008905629044692644,discovery
19403,-24112.10133912097,-0.008921373765177808,-0.009593363039715155,-0.008922401276133468,-0.008924192502682341,discovery
19571,-24482.49638920292,-0.008942031053143111,-0.009562369876271305,-0.008942901577868844,-0.008944813203944692,discovery
19741,-24863.806705607116,-0.008964248725008131,-0.009531366954916118,-0.008965289671479566,-0.008967031398996147,discovery
19912,-25253.222860540933,-0.008987615530233417,-0.009500538984345351,-0.008989064427487824,-0.008990414219652762,discovery
20085,-25652.965804696825,-0.009012179395116466,-0.009469707913705558,-0.009014055832608045,-0.009014964313804198,discovery
20260,-26062.521903762812,-0.009037686569962714,-0.009438878962722962,-0.00903999064636275,-0.009040477788717353,discovery
20436,-26478.9643904696,-0.009063734063832946,-0.009408230335908565,-0.009066467000790578,-0.009066532014153379,discovery
20613,-26901.743855424662,-0.009090099318536216,-0.009377760979915646,-0.009093275762871337,-0.009092901357788253,discovery
20792,-27333.044133571195,-0.009116824672117201,-0.009347300641001281,-0.009120406557373851,-0.009119623921938708,discovery
20973,-27772.62410019472,-0.009143786578068728,-0.009316854068179944,-0.009147700733715914,-0.009146609697822375,discovery
21155,-28217.76788110433,-0.009170713208031553,-0.009286591189760825,-0.009174807506702595,-0.009173539660920197,discovery
21338,-28667.857655597312,-0.00919739149946383,-0.009256510773547496,-0.009201485709172607,-0.009200218921241314,discovery
21524,-29126.989277382105,-0.009223826406011873,-0.009226288475613383,-0.009227776885230677,-0.009226664673295677,discovery
21711,-29589.093567600066,-0.009249365046444328,-0.009196253568835114,-0.009253211219006316,-0.009252252800043909,discovery
21899,-30054.00440509095,-0.009273974989712786,-0.009166404664428328,-0.009277718069900237,-0.009276867351175016,discovery
22089,-30524.385166348395,-0.009297856565174524,-0.009136584328695664,-0.009301442743605084,-0.009300721357976065,discovery
22281,-31000.125266039933,-0.00932097688111625,-0.009106796543909224,-0.009324444489722358,-0.009323876822231581,discovery
22474,-31479.11780600439,-0.009343336453622838,-0.009077197644951544,-0.00934666760098245,-0.009346288572147185,discovery
22670,-31966.69594274695,-0.00936527361060278,-0.009047484656641607,-0.009368346126929999,-0.00936819989827641,discovery
22866,-32454.495930079298,-0.009386194934746028,-0.009018113420485913,-0.009389075682057737,-0.009389115649160526,discovery
23065,-32949.266979827706,-0.009406229459491626,-0.008988635318919424,-0.009409017351499193,-0.009409157883729546,discovery
23265,-33445.490786879425,-0.009425035354388938,-0.008959350092814861,-0.009427749006950606,-0.009427954307823123,discovery
23467,-33944.57724999272,-0.009442435877919647,-0.008930112130595637,-0.009445126037434047,-0.009445366069027234,discovery
23671,-34445.68716736528,-0.009458231615141612,-0.00890092469863289,-0.009460901124669054,-0.009461110326616362,discovery
23877,-34947.70140972038,-0.009472158952542569,-0.008871790954630308,-0.009474847287164122,-0.009474995877726686,discovery
24084,-35447.4879117142,-0.009484021618752447,-0.008842852937471241,-0.009486717363682501,-0.009486854689167153,discovery
24293,-35947.092462574525,-0.009493842956244005,-0.008813971399110087,-0.00949641382626339,-0.009496628476703666,discovery
24504,-36445.51461478518,-0.009501422081966663,-0.008785149234252419,-0.009503751659912761,-0.009504144903945954,discovery
24717,-36941.36880099374,-0.009506471424606488,-0.008756389237095416,-0.009508483072582431,-0.009509127337293515,discovery
24931,-37430.414305846476,-0.009508567331690226,-0.008727826800556898,-0.009510286465443411,-0.009511165452027938,discovery
25148,-37915.351570798026,-0.009507359362334602,-0.00869919759671335,-0.009508848525721918,-0.009509860618366884,discovery
25366,-38389.738984582786,-0.00950248465902874,-0.00867076803227602,-0.009503947628978198,-0.009504931937136725,discovery
25586,-38855.38296388586,-0.009493964434252305,-0.008642407871896534,-0.0094955121374842,-0.009496327818255646,discovery
25809,-39314.25594379729,-0.009481854663959352,-0.008613992800743094,-0.009483544448784725,-0.00948414863530145,discovery
26033,-39762.42052128994,-0.009466435637682749,-0.008585779933703502,-0.009468259392365948,-0.009468662835851033,discovery
26259,-40201.92406942505,-0.009447775483905659,-0.008557643304174961,-0.009449686456625455,-0.009449910946870156,discovery
26487,-40632.355087423115,-0.009425900213844112,-0.008529585023312733,-0.009427873055894664,-0.009427987222990437,discovery
26717,-41053.731549086326,-0.009400936137563046,-0.00850160711943011,-0.009402892916628772,-0.009402972648042887,discovery
26949,-41466.05664432328,-0.009373002978111415,-0.008473711539909569,-0.009374876300860159,-0.009374949429648173,discovery
27183,-41869.077209682575,-0.009342160225287431,-0.008445900153097858,-0.009343977184965326,-0.009344034897299142,discovery
27419,-42262.65018029872,-0.009308491568293603,-0.008418174750183511,-0.009310314466551319,-0.00931032886786992,discovery
27657,-42646.83100845392,-0.009272122499137348,-0.008390537047055443,-0.009273950424399161,-0.009273880436727722,discovery
27897,-43020.95774642656,-0.009233020948445128,-0.008362988686141371,-0.009234921330430995,-0.009234723426085127,discovery
28139,-43384.98599041,-0.00919129007041528,-0.008335531238224904,-0.009193275416957416,-0.009192938305321863,discovery
28384,-43740.269927862784,-0.0091468395634473,-0.00830805470343544,-0.009148887255849598,-0.00914841439162885,discovery
28630,-44083.03037337762,-0.00909995865799633,-0.008280784801805266,-0.00910216116835307,-0.009101499404549341,discovery
28879,-44415.84515605222,-0.00905033602692779,-0.008253501158298858,-0.009052726805519043,-0.009051830049019997,discovery
29129,-44736.06668680906,-0.008998485761948291,-0.008226424209725032,-0.00900098604486474,-0.008999919322921176,discovery
29382,-45046.08855055805,-0.008944067221692498,-0.008199338545141042,-0.008946572244523682,-0.008945433118180213,discovery
29637,-45344.29198889686,-0.008887329149852793,-0.008172354237189837,-0.008889799934582788,-0.008888658476298522,discovery
29895,-45632.20124836791,-0.008828228847907375,-0.008145368368371868,-0.008830595831876314,-0.008829524365591361,discovery
30154,-45908.109461877524,-0.008767424057244663,-0.008118591136807955,-0.008769594473313672,-0.008768656134511497,discovery
30416,-46174.38901263549,-0.008704583751256111,-0.008091816695149348,-0.008706495830188933,-0.008705731164652052,discovery
30680,-46429.66654081191,-0.008639975911330375,-0.008065149896406816,-0.008641689306072231,-0.00864112079411108,discovery
30947,-46675.516355380045,-0.008573562116556369,-0.008038492286988937,-0.008575055915782392,-0.008574698871401568,discovery
31215,-46910.45166534561,-0.008505984863767593,-0.008012044297678425,-0.008507194560792557,-0.008507050555078458,discovery
31486,-47135.558557388234,-0.008436696403045268,-0.007985609232472676,-0.00843767461056175,-0.008437723786586266,discovery
31760,-47350.95207716419,-0.00836580957995068,-0.007959191115651245,-0.008366571825036957,-0.008366830236644182,discovery
32036,-47556.47825498479,-0.008293775174190079,-0.007932888595352426,-0.008294278193253691,-0.008294798588592717,discovery
32314,-47752.80277045877,-0.008220775454728532,-0.007906702158089687,-0.008221003641317897,-0.008221781394307782,discovery
32594,-47940.914709366356,-0.008147039543610105,-0.007880632248041215,-0.00814702310621773,-0.008148026436560605,discovery
32877,-48123.09973421243,-0.008072635085560144,-0.00785458777065612,-0.008072387487995429,-0.008073603946479482,discovery
33163,-48300.4324027768,-0.007997795631248906,-0.007828572263110099,-0.007997426650718441,-0.0079988069069593,discovery
33451,-48474.408880122115,-0.007923167985206815,-0.007802678537279534,-0.007922713994860357,-0.00792418876883897,discovery
33741,-48646.42778897121,-0.007848994591294522,-0.007776906799621586,-0.007848510006933393,-0.007849996598748904,discovery
34034,-48817.378703239585,-0.007775081750146413,-0.007751169891090891,-0.007774762657081456,-0.007776096096103303,discovery
34330,-48988.36924218139,-0.007701623384683142,-0.007725470980675592,-0.007701629758398104,-0.007702641725478627,discovery
34628,-49160.55759156601,-0.007629141796731079,-0.007699898448554573,-0.007629478621556324,-0.007630143969382051,discovery
34928,-49334.83697460077,-0.007557760405363229,-0.007674452290449424,-0.007558398276247277,-0.007558786529903682,discovery
35232,-49513.215926772245,-0.007487126814317712,-0.007648965769066617,-0.007487974415787082,-0.007488143271667478,discovery
35538,-49694.41560722425,-0.007417680331153863,-0.007623609382226821,-0.007418656219041146,-0.007418663820130688,discovery
35846,-49877.58098627276,-0.007349272180395907,-0.007598382964792325,-0.007350346347100895,-0.007350239108799897,discovery
36157,-50062.28190992352,-0.0072815201828379415,-0.007573205840695575,-0.0072827211006208275,-0.0072824871008425355,discovery
36471,-50248.05728070563,-0.007214359307688911,-0.007548080589619941,-0.007215745188360012,-0.007215333036737867,discovery
36788,-50435.70467509019,-0.007147905897115637,-0.00752300970143996,-0.007149481423570013,-0.007148842350264969,discovery
37108,-50626.23848355699,-0.0070823003193920455,-0.007497995578017229,-0.007084074089709036,-0.0070832191043254215,discovery
37430,-50820.92206229124,-0.007017990882727598,-0.007473117346097401,-0.007019900129038545,-0.007018903977234749,discovery
37755,-51021.83294814605,-0.00695495532381068,-0.007448298640202947,-0.006956938396831452,-0.006955855229873041,discovery
38083,-51230.40673053972,-0.006893361825217124,-0.007423541638341043,-0.006895388117358535,-0.006894253562441211,discovery
38413,-51447.961866364465,-0.00683362015955205,-0.007398922606171339,-0.006835665898441486,-0.006834526936427,discovery
38747,-51679.15615014265,-0.006775764287028864,-0.007374294362091786,-0.006777702083109356,-0.006776598147120388,discovery
39083,-51924.656362789596,-0.00672034845438914,-0.007349806343256311,-0.006722167398075867,-0.006721171771123994,discovery
39423,-52189.023593197286,-0.006667371689915898,-0.007325314659163481,-0.006669030954860038,-0.006668230897528511,discovery
39765,-52472.83977861222,-0.0066173344980001774,-0.007300965191308985,-0.00661880750612358,-0.0066182142196923675,discovery
40110,-52778.34506087229,-0.006570172546785984,-0.007276687230685856,-0.006571396279787279,-0.006570990810120783,discovery
40458,-53104.981531645375,-0.0065257231785120495,-0.007252482453668587,-0.00652673496813171,-0.006526526838617773,discovery
40810,-53453.56791343761,-0.006483758145413258,-0.007228284122424325,-0.006484606949268548,-0.006484578909636794,discovery
41164,-53822.26121297467,-0.006444445946634963,-0.007204231260808766,-0.0064452038519086235,-0.006445282627077622,discovery
41521,-54213.41736822782,-0.006407742886944162,-0.007180256195049334,-0.006408433840388089,-0.006408581446747398,discovery
41882,-54630.21896715165,-0.006373703001145197,-0.0071562943452054915,-0.006374256165885984,-0.006374525328387755,discovery
42246,-55072.245313473715,-0.00634241113766354,-0.0071324145828973165,-0.006342761610700278,-0.0063432086395181315,discovery
42612,-55537.280151084415,-0.00631374052151956,-0.007108682630706623,-0.006313933961012842,-0.006314566026049324,discovery
42982,-56028.31710071501,-0.006287494934819707,-0.00708497001256607,-0.006287540211458745,-0.006288347180292847,discovery
43356,-56546.76650666562,-0.00626374349088372,-0.007061280120263351,-0.006263644300426089,-0.006264578750679294,discovery
43732,-57091.80751335621,-0.0062427333315680815,-0.007037740717734798,-0.006242532019625666,-0.006243526277413874,discovery
44112,-57668.37042406501,-0.006224472553429108,-0.007014227607032235,-0.006224244326247747,-0.006225259684466866,discovery
44495,-58276.181179543986,-0.0062090372908861794,-0.006990804713309289,-0.006208856830576767,-0.0062098346619546664,discovery
44881,-58914.86348444817,-0.00619628076588673,-0.006967472937543617,-0.00619623352402168,-0.006197085430294946,discovery
45271,-59586.37898844405,-0.00618609895443388,-0.006944173737221796,-0.006186185831411125,-0.006186877140685737,discovery
45664,-60290.10682160343,-0.006178529522694773,-0.006920968689390438,-0.0061786931419285495,-0.006179254746153655,discovery
46061,-61028.920935467235,-0.006173559633367115,-0.006897800505714741,-0.006173830206035411,-0.006174292413044293,discovery
46460,-61801.37376330508,-0.006171337825430225,-0.0068747865804570886,-0.006171746952054481,-0.006172094146921938,discovery
46864,-62615.17722776183,-0.006171924185532593,-0.006851755501302937,-0.006172478163767469,-0.00617264545786342,discovery
47271,-63465.92131500121,-0.00617516269572579,-0.006828823852453896,-0.006175944198894175,-0.006175877078503146,discovery
47681,-64353.66551463696,-0.006180950365847832,-0.006805992139620889,-0.006181949978421569,-0.006181659351354401,discovery
48095,-65279.72360805108,-0.006189113018537722,-0.006783206110902312,-0.006190284685185377,-0.006189826446661486,discovery
48513,-66242.68673911854,-0.006199415444895431,-0.006760468104206073,-0.006200709052403073,-0.0062001343597758015,discovery
48934,-67237.79695351789,-0.006211513005646921,-0.0067378338238815215,-0.006212917842630428,-0.006212241835393802,discovery
49359,-68265.13438989705,-0.006225144271127705,-0.006715250749145398,-0.006226632783101848,-0.006225864093776095,discovery
49788,-69322.44931333544,-0.006240032872745832,-0.006692720996955723,-0.006241570052229043,-0.006240768233796502,discovery
50220,-70406.00784899655,-0.006255969995926267,-0.006670298207917556,-0.0062574799198197575,-0.00625672373260884,discovery
50656,-71517.77554005999,-0.006272889800556888,-0.006647931540984433,-0.006274277223574418,-0.006273627575737493,discovery
51096,-72656.89513398404,-0.0062906638743071485,-0.00662562290656383,-0.00629191243500422,-0.006291432498243584,discovery
51539,-73821.531798321,-0.006309269387402861,-0.006603423960040007,-0.006310323997575968,-0.00631004603510305,discovery
51987,-75016.39590904885,-0.006328693458975866,-0.0065812362523704,-0.0063295758398694574,-0.006329479578958863,discovery
52438,-76235.92383940963,-0.006348783079641759,-0.00655916054908456,-0.006349545573070418,-0.006349572897759572,discovery
52894,-77484.56031472949,-0.006369503148876342,-0.0065371005886778605,-0.006370256841830445,-0.006370302826991038,discovery
53353,-78756.06518210316,-0.006390660447886441,-0.006515154704882252,-0.006391522513810218,-0.0063914849250038324,discovery
53816,-80053.23513615449,-0.006412269477837259,-0.006493275755514831,-0.0064132674124898125,-0.006413114515307767,discovery
54284,-81378.83117766643,-0.006434335247737936,-0.0064714187672133515,-0.006435402853520938,-0.006435168463345505,discovery
54755,-82725.43811879514,-0.006456592851436243,-0.006449678536397221,-0.0064576691094498,-0.006457430834445618,discovery
55230,-84092.85950311873,-0.006478829570136969,-0.006428009420238365,-0.006479881332442107,-0.006479697456724513,discovery
55710,-85479.61002300223,-0.006500739968181528,-0.006406367872290783,-0.006501748938145826,-0.00650162068795974,discovery
56194,-86877.27232648771,-0.006521856762091616,-0.006384800981420001,-0.006522789418513512,-0.0065227357324626365,discovery
56682,-88279.56063667743,-0.0065417269740131725,-0.006363309892770518,-0.006542528506468892,-0.006542609028332289,discovery
57174,-89679.48440639993,-0.006559870058390913,-0.0063418956974916375,-0.0065605328916773535,-0.0065607505663989665,discovery
57670,-91069.87769481899,-0.006575818629155503,-0.006320559434154541,-0.006576462380479362,-0.006576719432303069,discovery
58171,-92449.77708911464,-0.006589403068630985,-0.006299259824570927,-0.006590098216101071,-0.006590292221839738,discovery
58676,-93813.8411240091,-0.00660048986096554,-0.0062780410585141985,-0.00660123289244489,-0.006601376614986779,discovery
59185,-95160.99996193222,-0.006609087764735711,-0.0062569040069501225,-0.006609743472491253,-0.006609944071733897,discovery
59699,-96490.18540962407,-0.006615041242918553,-0.006235808692483343,-0.006615563714337814,-0.006615893908414227,discovery
60218,-97798.9783531776,-0.006618275276634592,-0.006214757323413355,-0.00661865805631383,-0.006619100811338263,discovery
60741,-99082.89901613812,-0.006618747273193014,-0.006193791882157407,-0.0066190490294597455,-0.006619567502031964,discovery
61268,-100343.23049375748,-0.006616640261808206,-0.006172913024449411,-0.006616818736519235,-0.006617418553323415,discovery
61800,-101581.91114829792,-0.006612012511577212,-0.006152082438504107,-0.006612073449542433,-0.006612748551689029,discovery
62337,-102798.2697692465,-0.0066049108223950785,-0.006131302062777912,-0.006604952238007975,-0.00660561946982282,discovery
62878,-103991.23203875378,-0.00659551396897292,-0.006110611784475997,-0.006595654305587082,-0.0065962165213762965,discovery
63424,-105167.0617962923,-0.006584143654812379,-0.006089974490756283,-0.006584388877813484,-0.006584814876139342,discovery
63975,-106329.08673884456,-0.006571078295249063,-0.00606939192582699,-0.006571410217761677,-0.006571691467993386,discovery
64530,-107477.24132403906,-0.006556529400203939,-0.006048902468369016,-0.006557027428126412,-0.006557129153073611,discovery
65090,-108619.25324091027,-0.006540868309737508,-0.006028470170115555,-0.0065415349890977905,-0.0065414509445796696,discovery
65656,-109763.63702882119,-0.006524494334804556,-0.006008060746579243,-0.0065252772092716715,-0.006525064243744305,discovery
66226,-110913.8239253081,-0.0065079302753941574,-0.005987747813163555,-0.006508751304866414,-0.006508469380998753,discovery
66801,-112079.27801285361,-0.006491586955735287,-0.0059674965377164435,-0.006492403103753989,-0.006492086072658373,discovery
67381,-113266.99954456027,-0.006475856522743383,-0.005947308300568107,-0.006476667720643581,-0.006476358193260945,discovery
67966,-114483.10271452571,-0.006461060748364178,-0.005927184423995593,-0.0064618584821300624,-0.006461581354577504,discovery
68556,-115730.81469489727,-0.006447343442897353,-0.005907126173635661,-0.006448123623094252,-0.006447831215309704,discovery
69151,-117009.88299586182,-0.0064346487920473976,-0.005887134759882331,-0.006435460232134161,-0.006435087250305181,discovery
69752,-118320.62223013301,-0.006422815516690964,-0.005867178328716454,-0.006423735438349018,-0.006423279321774149,discovery
70357,-119657.24861450744,-0.006411771592175903,-0.00584732439158543,-0.006412780381229516,-0.006412257562999884,discovery
70968,-121019.02226902879,-0.0064011763280836615,-0.005827508357940298,-0.006402241420063461,-0.006401624337929126,discovery
71584,-122394.50610164192,-0.006390546224061016,-0.005807764227568691,-0.006391703268832641,-0.0063909833902247425,discovery
72206,-123778.16664769597,-0.006379462887538344,-0.005788061450749267,-0.0063806467640045664,-0.006379898661038915,discovery
72833,-125158.30147141957,-0.006367476667441912,-0.005768433149478757,-0.00636861918945586,-0.006367924492692236,discovery
73465,-126526.62815688815,-0.006354204827233278,-0.005748880158147278,-0.006355270800813388,-0.00635464833043207,discovery
74103,-127879.96993192672,-0.006339409989887616,-0.005729372870476746,-0.0063403596073334624,-0.006339834018463499,discovery
74747,-129214.50987161437,-0.006322962912147147,-0.005709913101731228,-0.006323738728350269,-0.006323383858085491,discovery
75396,-130524.59692814048,-0.00630477949575654,-0.005690532286964494,-0.0063053140240623695,-0.006305195853539372,discovery
76050,-131806.32965923302,-0.006284741786298031,-0.0056712310638940625,-0.006284991620212772,-0.006285149668044851,discovery
76711,-133060.03232299627,-0.006262693509980307,-0.0056519520403244105,-0.006262665689292929,-0.006263112334492316,discovery
77377,-134279.91100573773,-0.006238687231193099,-0.005632755125546018,-0.006238432639334705,-0.006239103469337982,discovery
78049,-135466.65221345244,-0.006212714316949716,-0.00561361249825383,-0.006212323662139649,-0.006213096076696904,discovery
78726,-136616.89764581525,-0.006184821075229729,-0.005594553602481298,-0.006184423202913578,-0.006185200474755611,discovery
79410,-137733.5002911533,-0.006154982047443882,-0.0055755235359969775,-0.006154649972224002,-0.006155389148417053,discovery
80099,-138813.54738683824,-0.006123380002439107,-0.005556579292770083,-0.006123080764322518,-0.006123785242166631,discovery
80795,-139859.54199461592,-0.006089973092378185,-0.005537667170831684,-0.006089639034719076,-0.006090342835971601,discovery
81496,-140865.44742094498,-0.006054803304783772,-0.0055188427553114336,-0.00605446417695668,-0.006055163918715412,discovery
82204,-141831.65998438044,-0.00601774471310444,-0.005500053519685864,-0.006017505640024963,-0.006018137132327757,discovery
82918,-142758.549482315,-0.005979004760270717,-0.0054813276030289465,-0.005978862306991148,-0.005979377188318826,discovery
83638,-143645.65025055202,-0.005938640296514243,-0.005462666080991051,-0.005938606575654974,-0.005938996625843537,discovery
84364,-144493.2407132148,-0.0058967373910601565,-0.005444069979930096,-0.005896850137449647,-0.005897094221616066,discovery
85097,-145304.20307536036,-0.005853381117314517,-0.005425515113504035,-0.0058536540804615626,-0.005853721659345053,discovery
85836,-146077.6863806307,-0.005808709736174623,-0.0054070281688245484,-0.005809137118037042,-0.005809035664580047,discovery
86581,-146810.8239548461,-0.005762675697586694,-0.0053886100211478554,-0.005763252201844133,-0.00576300771855466,discovery
87333,-147499.44494539872,-0.00571508662575376,-0.0053702372133371205,-0.005715791486602736,-0.005715415810395007,discovery
88091,-148137.10141751054,-0.005665869045199297,-0.005351935391808203,-0.005666633257463554,-0.005666175477537812,discovery
88856,-148718.51814473956,-0.005614808014108712,-0.005333681571413071,-0.005615542625624189,-0.005615092152282517,discovery
89627,-149235.10988698597,-0.0055617660889690605,-0.005315500724918325,-0.005562450349959549,-0.0055620540604134,validation
90406,-149682.75628841744,-0.005506503127083861,-0.005297347164455182,-0.005507115590730512,-0.005506788604065713,validation
91191,-150055.4983868784,-0.005449089564874795,-0.005279268918322017,-0.005449631673427685,-0.005449376144809608,validation
91982,-150351.04585240048,-0.005389545973607361,-0.005261266536049204,-0.005390045317530534,-0.005389805867815535,validation
92781,-150570.10376913188,-0.005327827757001537,-0.005243295813003123,-0.005328353607800968,-0.005328073050567901,validation
93587,-150716.86818391853,-0.005264275049199194,-0.005225380900462377,-0.00526486387770351,-0.005264532448572715,validation
94399,-150797.61961518688,-0.005199282264912988,-0.005207544838947551,-0.005199924734886077,-0.005199541166294307,validation
95219,-150818.4936405485,-0.005132975301435803,-0.005189744852474188,-0.005133638832113199,-0.005133223596533492,validation
96046,-150784.91092854616,-0.005065694090048877,-0.0051720041399097045,-0.005066334245184321,-0.0050659258481173105,validation
96880,-150701.71716234833,-0.004997663437780216,-0.00515432375517148,-0.00499825749724677,-0.004997876468158825,validation
97721,-150574.13384993895,-0.004929110109729299,-0.00513670470448794,-0.004929662681901193,-0.004929329420460884,validation
98569,-150409.47092069732,-0.004860317693186662,-0.005119147947618945,-0.004860807397226795,-0.0048605385650846355,validation
99425,-150214.37494056724,-0.004791462521653294,-0.0051016340594787,-0.004791859972618376,-0.004791667930800676,validation
100289,-149995.723556565,-0.004722793164022927,-0.005084164628380145,-0.004723050977619861,-0.004722967345864777,validation
101159,-149758.2777428019,-0.004654618010901826,-0.005066780909471221,-0.004654741693712094,-0.004654785350483919,validation
102038,-149506.0055723234,-0.00458686261023909,-0.005049424081028825,-0.004586878914982892,-0.004587042080637603,validation
102924,-149246.84279750622,-0.004519913968114697,-0.005032135062572078,-0.004519794485801035,-0.004520075259655184,validation
103817,-148985.99215742588,-0.004453923209661901,-0.005014914534112922,-0.004453671425968065,-0.004454067998986683,validation
104719,-148728.7063151132,-0.004388908945513675,-0.004997725248447768,-0.004388566961454748,-0.0043890515716466716,validation
105628,-148484.53041276935,-0.004325264041341987,-0.004980606590738496,-0.004324846532050386,-0.004325368222300083,validation
106545,-148259.12199518556,-0.004263063613731666,-0.0049635406121299255,-0.0042626829387968695,-0.004263188530904948,validation
107470,-148067.63151592627,-0.004202708381919037,-0.004946528482975609,-0.0042023824304828275,-0.004202837236717053,validation
108404,-147928.1950498082,-0.004144603571729027,-0.004929553256554585,-0.004144291430428218,-0.004144694109518896,validation
109345,-147859.72754311864,-0.004089323876172323,-0.0049126523529102895,-0.004089035175397436,-0.004089414967050233,validation
110294,-147885.14392200136,-0.0040373529460974895,-0.00489580851438183,-0.0040370586574812505,-0.004037448003416848,validation
111252,-148022.58758429321,-0.003989020343474676,-0.00487900528371312,-0.0039887102399284256,-0.003989113752285096,validation
112218,-148283.16571314994,-0.003944555426578372,-0.004862261442323654,-0.003944268506657349,-0.003944646028046279,validation
113192,-148674.17247752682,-0.003904019062084869,-0.00484557787335849,-0.0039038290979158397,-0.0039041073508050174,validation
114175,-149204.74508292368,-0.0038674624397501776,-0.004828938590371452,-0.0038674442528313494,-0.0038675558369068797,validation
115167,-149888.7633473256,-0.003835102674455399,-0.004812344987572947,-0.003835281576488086,-0.003835191410348638,validation
116167,-150739.79213986988,-0.0038071829883109766,-0.004795814837267471,-0.0038075683025283772,-0.0038072804939072633,validation
117175,-151771.44473302178,-0.0037838823525068763,-0.004779348844899032,-0.0037844260665955854,-0.003783990974415475,validation
118193,-152994.3300603961,-0.003765196983085505,-0.004762915583186754,-0.0037658145162832754,-0.0037653153899773976,validation
119219,-154409.27213383652,-0.003751069956824361,-0.004746548533726106,-0.0037516726554921915,-0.00375118434143737,validation
120254,-156016.74327613413,-0.003741294636337507,-0.00473023260608278,-0.003741855202928691,-0.0037414116283900644,validation
121298,-157816.52368150768,-0.0037357001726753235,-0.004713968900252397,-0.0037362520611915083,-0.003735855205708479,validation
122352,-159815.4689219417,-0.0037342398064133344,-0.004697743165689421,-0.0037347457843110083,-0.0037343999679353753,validation
123414,-162009.42746737995,-0.0037367465687436338,-0.004681587196632997,-0.0037371749100874444,-0.003736901914807474,validation
124486,-164399.94376062765,-0.003743009213137237,-0.004665471524709328,-0.0037433413990425966,-0.003743174110788348,validation
125566,-166980.86184785725,-0.0037528275549171233,-0.004649427133367751,-0.003753053285598687,-0.0037530246593175257,validation
126657,-169762.49637611723,-0.0037661529829739514,-0.004633410588012387,-0.0037662416074925303,-0.003766357511491465,validation
127756,-172740.4691265663,-0.0037828762654473513,-0.0046174670208343985,-0.0037828634150975054,-0.0037830758779316873,validation
128866,-175928.66142940754,-0.0038030240861699144,-0.004601553948856481,-0.003803009494202732,-0.003803237125012533,validation
129985,-179331.85207667225,-0.0038266397276308216,-0.0045857012958181375,-0.003826698490491373,-0.003826866649837721,validation
131113,-182958.46369508025,-0.003853752974359329,-0.00456990975969737,-0.0038539446370919324,-0.0038540052245205005,validation
132252,-186823.8705768988,-0.0038844451445720417,-0.004554152496448557,-0.0038847528477871096,-0.003884697236344644,validation
133400,-190922.81762869935,-0.003918538252391489,-0.004538458284999593,-0.003918918600764164,-0.003918781386165961,validation
134559,-195254.31385680358,-0.003955774361619713,-0.004522800844140638,-0.0039562196594554325,-0.003956045370066892,validation
135727,-199799.77580597159,-0.003995725283579535,-0.00450720821081359,-0.00399620815788951,-0.00399602186630697,validation
136905,-204551.16427974822,-0.004038062080334041,-0.004491667770031682,-0.004038515488323609,-0.004038337680363803,validation
138094,-209498.4006318762,-0.004082427657539418,-0.004476167494160238,-0.004082859916973418,-0.004082715598970301,validation
139293,-214633.78275638795,-0.004128612676559969,-0.004460721537888226,-0.004129009703113782,-0.004128910989572325,validation
140503,-219960.97457589884,-0.0041765457133564245,-0.004445318089125875,-0.004176894336892015,-0.004176853683186382,validation
141723,-225475.90335032297,-0.004226098645971062,-0.00442997090421018,-0.004226360867884981,-0.0042264057434029095,validation
142953,-231171.54354201234,-0.004277051326631264,-0.004414680741291626,-0.004277210264188065,-0.004277352839529542,validation
144194,-237037.66125594475,-0.004329089546861643,-0.004399436109176308,-0.004329180339107122,-0.004329405561942316,validation
145447,-243064.00679416303,-0.004381910480130226,-0.004384226056952766,-0.004381943535830812,-0.004382222752059291,validation
146709,-249217.41065991716,-0.0044349961192582,-0.0043690878553931094,-0.004434997158560231,-0.004435292936004859,validation
147983,-255493.68449796434,-0.004488099001653662,-0.004353986328243473,-0.004488119719518712,-0.004488408517421832,validation
149268,-261873.69562318746,-0.004540898623768283,-0.004338934523140342,-0.004540941615932424,-0.004541217603461658,validation
150564,-268339.8999680169,-0.004593075004672547,-0.004323933377788029,-0.00459313085103992,-0.004593380071139892,validation
151872,-274876.6810408967,-0.004644311385751266,-0.004308972417762717,-0.00464439240383098,-0.004644596854054728,validation
153190,-281453.65986673813,-0.004694196616829533,-0.004294075372996646,-0.004694358415574552,-0.004694499354239543,validation
154521,-288076.1945211771,-0.004742704937203711,-0.004279209346660223,-0.004742946219913556,-0.004743002339008371,validation
155862,-294721.5441796591,-0.004789625053758677,-0.004264408817661543,-0.004789942616669326,-0.004789916892655967,validation
157216,-301399.55400715687,-0.004835011280360122,-0.004249641600800109,-0.004835367835439971,-0.004835284540633029,validation
158581,-308086.94556917466,-0.00487861524219802,-0.004234930589661545,-0.004878993435767765,-0.0048788737541275,validation
159958,-314768.6874866785,-0.0049201979427766105,-0.004220265849824876,-0.0049205817453985504,-0.004920444303313009,validation
161347,-321417.72031472763,-0.004959392424814667,-0.004205648374544506,-0.004959793737011553,-0.004959651880314727,validation
162748,-328010.08198388945,-0.0049958996041666,-0.004191079114345563,-0.00499629249379515,-0.004996150719436508,validation
164161,-334520.56616480387,-0.0050294192495474585,-0.004176558978078761,-0.00502976434329072,-0.0050296266343810075,validation
165586,-340917.6325645143,-0.005059575036515084,-0.004162088833963432,-0.005059880721184918,-0.0050597556229417095,validation
167024,-347170.44184540934,-0.005085977350671805,-0.004147659535852227,-0.005086280302305779,-0.005086185368713712,validation
168474,-353244.1278887568,-0.00510829089263956,-0.0041332820846262395,-0.005108544101011218,-0.00510849881381134,validation
169937,-359109.5935329611,-0.005126194574968099,-0.004118947488486256,-0.005126356557349798,-0.0051263655442730805,validation
171413,-364737.83682105667,-0.0051394327107980205,-0.004104656804944183,-0.005139519543442089,-0.0051395699680537275,validation
172901,-370105.7109396362,-0.005147893207330204,-0.004090420558224469,-0.005147955207709991,-0.005148029722877707,validation
174402,-375203.7288599671,-0.005151574138594851,-0.004076229983348878,-0.005151647846821329,-0.005151737795299049,validation
175917,-380022.95841174084,-0.005150484912019781,-0.004062076726824589,-0.005150547229120298,-0.005150643009756047,validation
177444,-384536.7129050663,-0.005144531504879219,-0.004047980364267065,-0.005144571335603227,-0.005144644168105617,validation
178985,-388723.83887468325,-0.005133531377556388,-0.004033923282519241,-0.00513361978105987,-0.0051336352160487415,validation
180539,-392562.7971684076,-0.005117438010944464,-0.004019915578231955,-0.0051176155864442515,-0.0051175583617498665,validation
182106,-396036.30080032116,-0.005096225219038609,-0.004005958023736333,-0.005096492554835815,-0.005096362343748192,validation
183688,-399130.50770997396,-0.005069834076847328,-0.0039920338558947725,-0.0050701560511178575,-0.005069950170245098,validation
185283,-401818.9378990908,-0.005038218989170142,-0.003978161687874497,-0.005038586971041064,-0.005038308185112244,validation
186891,-404082.8435600507,-0.0050013567015307755,-0.003964342177121612,-0.005001768578297922,-0.00500144942881783,validation
188514,-405911.1814275542,-0.004959245430284597,-0.003950559063384753,-0.004959655676138975,-0.004959355264994759,validation
190151,-407289.29238164565,-0.004911962834173045,-0.00393682187943732,-0.004912298090046138,-0.004912068142249246,validation
191802,-408202.42201654287,-0.004859548043241414,-0.003923131473202851,-0.004859782480650965,-0.004859637470091652,validation
193468,-408646.1707983832,-0.0048021278744729366,-0.003909480509219586,-0.004802279916202072,-0.004802198433394549,validation
195147,-408630.6110610687,-0.004740106268305945,-0.0038958861468146753,-0.004740236131285118,-0.004740197648163874,validation
196842,-408192.26424445957,-0.004673993633787912,-0.0038823249729496735,-0.004674067886238614,-0.004674077946655064,validation
198551,-407367.71390600223,-0.004604457701963358,-0.0038688139718735877,-0.004604447046147907,-0.004604516249327053,validation
200275,-406186.9320364441,-0.0045319575831614485,-0.003855346037511661,-0.004531902059429379,-0.004532025962405745,validation
202014,-404683.53966478,-0.0044570072237098595,-0.0038419220721950674,-0.004456927915262859,-0.0044571005273357,validation
203768,-402895.27727889107,-0.004380142123433023,-0.0038285429390760074,-0.004379971608590001,-0.004380202718415751,validation
205538,-400848.0541241965,-0.004301714568428904,-0.0038152019706511227,-0.0043014396031030334,-0.004301742433056641,validation
207322,-398572.46475345735,-0.0042222039497551616,-0.003801915028393949,-0.004221908091072515,-0.004222266705254991,validation
209122,-396112.16434832476,-0.004142081061368389,-0.0037886679655941592,-0.0041418092627317936,-0.004142175970820517,validation
210938,-393519.2998754779,-0.004061942777114133,-0.0037754617586687246,-0.00406167712772384,-0.004062006702853708,validation
212770,-390839.08681650227,-0.003982285564756138,-0.0037622973434026153,-0.003982037125852455,-0.003982311361519393,validation
214617,-388117.61768332194,-0.003903616789186265,-0.0037491826741884444,-0.003903431643414576,-0.003903658460503503,validation
216481,-385401.98239307106,-0.00382634623998822,-0.003736104408129205,-0.003826239264189145,-0.003826432012533275,validation
218360,-382746.10707152664,-0.003751035321697669,-0.003723077399685403,-0.003750964489480118,-0.0037511200301221024,validation
220256,-380190.7693117247,-0.0036779849394955964,-0.0037100885665860986,-0.003677906621431089,-0.003678017571052379,validation
222169,-377767.57672473544,-0.003607443101730102,-0.003697138901373872,-0.003607404219958107,-0.0036074721935823706,validation
224098,-375512.94376514736,-0.0035397121014962354,-0.0036842360049644013,-0.003539776751099794,-0.003539790002985793,validation
226044,-373468.1174375615,-0.0034750739971202167,-0.0036713739824228036,-0.003475216309664176,-0.0034751526485452735,validation
228007,-371664.3195527459,-0.003413725524969632,-0.003658553709879048,-0.003413913942420502,-0.00341377527176486,validation
229986,-370128.0528828332,-0.0033558296177350197,-0.003645782440583352,-0.0033560737060842503,-0.0033558857991811053,validation
231983,-368891.35526226624,-0.0033015223171038765,-0.0036330480697746087,-0.0033017953564067064,-0.003301582651893002,validation
233998,-367978.03567296825,-0.003250900509273235,-0.0036203515914671387,-0.003251180581716057,-0.003250952226622905,validation
236029,-367395.7821130152,-0.003203952851514224,-0.003607706337295365,-0.0032042567671933856,-0.003204014948595096,validation
238079,-367143.20989037957,-0.0031604859646761525,-0.003595094433603167,-0.00316080823438044,-0.0031605618971579552,validation
240146,-367212.2071338289,-0.0031203554884602497,-0.0035825290648576814,-0.003120666922218909,-0.003120410013212101,validation
242231,-367584.7556657144,-0.0030832795970841846,-0.003570004885184268,-0.003083608030898359,-0.0030833108117534953,validation
244335,-368248.7201832852,-0.003049037197122346,-0.0035575168010021398,-0.0030494356355305913,-0.0030490885168364713,validation
246456,-369196.1465989051,-0.003017505470929193,-0.003545077453186431,-0.0030179627989043722,-0.0030175909046157917,validation
248596,-370409.8467052374,-0.0029884178273647064,-0.0035326758459062555,-0.0029888347564804396,-0.0029884754709106477,validation
250755,-371840.63667670777,-0.002961300280145491,-0.0035203128863698302,-0.0029616383530779145,-0.0029613329149537743,validation
252932,-373438.8717128489,-0.002935714751074721,-0.00350799506820951,-0.002935983562010488,-0.0029357642841346377,validation
255128,-375180.0656953207,-0.002911404629856108,-0.0034957174653416656,-0.0029115823292676702,-0.002911463966792281,validation
257343,-377053.1016446869,-0.002888244655821645,-0.0034834808760816523,-0.0028883212864111384,-0.0028883053148488934,validation
259578,-379062.64491682395,-0.002866217647467362,-0.003471280637262478,-0.0028661831555134003,-0.0028662580170446426,validation
261832,-381209.4903417097,-0.0028453101909640746,-0.003459123032727341,-0.0028451909935760123,-0.0028453455209493314,validation
264105,-383496.4111446177,-0.002825506880056768,-0.0034470087552191694,-0.0028253253533811946,-0.0028255576932442006,validation
266399,-385926.502585595,-0.0028067628417576696,-0.003434927995122021,-0.0028065112956574393,-0.002806812177403263,validation
268712,-388488.21595253353,-0.0027889919311034016,-0.003422892099440176,-0.0027886743671143915,-0.002789022670864898,validation
271045,-391163.09035732097,-0.002772016227162946,-0.003410896549919231,-0.0027716856370908678,-0.0027720587737848986,validation
273398,-393940.31645236746,-0.0027557348569383186,-0.003398942091596455,-0.0027554089289934963,-0.0027557847648489826,validation
275772,-396810.3187821283,-0.002740045054505004,-0.0033870244456774895,-0.0027397213621473634,-0.0027400835305524673,validation
278167,-399766.3877445457,-0.002724883040331946,-0.0033751444687860625,-0.0027245671359665833,-0.002724906423935423,validation
280582,-402807.2503019043,-0.002710238867224168,-0.0033633078533512302,-0.0027099723087354063,-0.0027102699551818784,validation
283018,-405950.54754397226,-0.002696199632047143,-0.0033515103963785184,-0.002696014414654764,-0.002696239359917214,validation
285476,-409223.1259624893,-0.00268290789906064,-0.0033397480937225606,-0.0026828182756261513,-0.0026829530447432344,validation
287955,-412662.14332542545,-0.002670592921854571,-0.0033280265343742397,-0.002670558015144088,-0.002670614425630886,validation
290455,-416302.10570461606,-0.002659440768768438,-0.0033163464024935016,-0.0026594292117601203,-0.002659439710121132,validation
292977,-420173.8563246047,-0.002649590360971617,-0.0033047037614265164,-0.002649619903481979,-0.0026496221012215202,validation
295521,-424317.78361602034,-0.0026412451486668774,-0.003293099396182104,-0.002641280946856787,-0.002641296845004856,validation
298087,-428759.6677095555,-0.0026345070876954237,-0.0032815340575498603,-0.0026345118401828174,-0.0026345332464310645,validation
300675,-433512.1013898081,-0.0026293914460342404,-0.003270008462951788,-0.002629395100996607,-0.0026293933581957242,validation
303286,-438599.1118570096,-0.0026259666305177972,-0.003258518923112249,-0.00262603575232413,-0.0026259837031190557,validation
305919,-444058.13103757054,-0.002624400732420566,-0.003247070569571709,-0.0026245613791112594,-0.002624449263199326,validation
308576,-449933.36535987444,-0.0026248529746581194,-0.0032356554815822494,-0.002625067510269739,-0.0026249059147331723,validation
311255,-456239.6411619764,-0.0026273535162240746,-0.0032242829941115233,-0.002627580360770084,-0.002627386734471063,validation
313958,-462984.2491601999,-0.0026318363787600743,-0.0032129453256733954,-0.0026320807935630713,-0.0026318668306717294,validation
316684,-470178.5118947667,-0.0026382964577537187,-0.003201647422931606,-0.0026385648819921862,-0.0026383433447110987,validation
319434,-477851.55929488735,-0.002646801047144551,-0.003190385860037502,-0.0026470844057689923,-0.002646869357855379,validation
322207,-486026.3811114966,-0.0026574027866866335,-0.003179165418977899,-0.0026576923893092755,-0.002657485640823644,validation
325005,-494723.51343075046,-0.0026700997654249673,-0.003167978734202425,-0.002670370387942898,-0.002670165618559741,validation
327827,-503918.6510713645,-0.0026846851072948683,-0.003156830570703879,-0.002684952486205518,-0.0026847408767158632,validation
330673,-513571.2144454629,-0.00270086309344372,-0.0031457215912919826,-0.00270117175686273,-0.0027009399813448793,validation
333545,-523655.5231300099,-0.0027184042241474977,-0.003134644760463337,-0.002718759489009304,-0.002718511041847864,validation
336441,-534151.1091137426,-0.0027371636368443823,-0.0031236085307329866,-0.002737493485784879,-0.002737261361917028,validation
339362,-545048.4700403386,-0.0027570224907153785,-0.0031126097288596017,-0.002757280949620044,-0.0027570953989389407,validation
342309,-556347.7497434746,-0.0027779144005889095,-0.0031016453317177796,-0.0027781396800120118,-0.0027779966084553434,validation
345281,-568074.2381888675,-0.0027999229062212116,-0.0030907197701251442,-0.0028001490484225733,-0.002800027830942063,validation
348279,-580277.5573832258,-0.002823220774150252,-0.0030798300461680347,-0.0028234138033709152,-0.002823321628252982,validation
351303,-592977.2409004197,-0.0028478377147344797,-0.0030689768724547215,-0.0028479583756214908,-0.0028479287671407893,validation
354354,-606161.1984374495,-0.002873638434322969,-0.0030581574050021023,-0.0028736791953869636,-0.0028737296320153036,validation
357430,-619778.2651535645,-0.002900346198222103,-0.003047379386080926,-0.0029003155593181713,-0.002900443471341906,validation
360534,-633793.7672736179,-0.0029277138257103206,-0.0030366329855245565,-0.002927591591671405,-0.0029277969513544504,validation
363664,-648136.9249634594,-0.0029554001931846358,-0.0030259258413145814,-0.002955212540512054,-0.0029554907829320567,validation
366822,-662776.3978482713,-0.0029832110068427078,-0.0030152517933775083,-0.0029829693336591123,-0.002983301823040999,validation
370007,-677665.6761512649,-0.00301092944324324,-0.0030046149336948025,-0.0030106424507327146,-0.0030110096545026706,validation
373220,-692756.7111862742,-0.003038319066304681,-0.0029940126028894956,-0.0030380099588035252,-0.003038393543677197,validation
376461,-707995.3735520414,-0.0030651408244100425,-0.0029834455099938518,-0.0030648394232567506,-0.0030652103808290814,validation
379730,-723341.7563515548,-0.003091228952894312,-0.0029729143328851896,-0.0030909574307642616,-0.0030912965220643534,validation
383027,-738783.0860381827,-0.0031165411140362206,-0.002962419719065301,-0.0031162882749652837,-0.0031166116766994153,validation
386353,-754321.1117748627,-0.003141086017380392,-0.002951959160158111,-0.0031408345478299775,-0.0031411559905847406,validation
389707,-769940.39041555,-0.0031648256722438474,-0.002941536446100597,-0.003164588042357807,-0.0031648799639530517,validation
393091,-785627.698911207,-0.003187697751848909,-0.0029311460323124473,-0.003187521696607294,-0.0031877517592156044,validation
396504,-801368.7934624464,-0.003209675054735112,-0.0029207916852436633,-0.0032095570814393492,-0.003209719097768864,validation
399947,-817138.7677576898,-0.0032306666619012613,-0.0029104710361767105,-0.003230636274126416,-0.0032307262356609328,validation
403420,-832929.2462453595,-0.0032506631941400595,-0.0029001847742417125,-0.003250720091175391,-0.0032507285327816604,validation
406923,-848734.0857925892,-0.003269665220071875,-0.002889933558234354,-0.0032697829009884754,-0.0032697043243631293,validation
410456,-864525.8964111131,-0.0032875933559382295,-0.002879718017375623,-0.003287798022135253,-0.0032876215763257954,validation
414020,-880296.2483383113,-0.0033044323822470014,-0.0028695359122311026,-0.0033047502960289123,-0.0033044705389799925,validation
417615,-896048.1513913579,-0.0033202226974328843,-0.0028593879168506745,-0.0033206442375772974,-0.003320280627236034,validation
421241,-911791.8520753949,-0.003335030072149441,-0.00284927467548074,-0.003335504579472934,-0.0033350827910253902,validation
424899,-927520.9860260352,-0.0033488460363224936,-0.002839194064041854,-0.0033493406921065497,-0.0033488792904436647,validation
428588,-943202.0485178544,-0.00336158985710283,-0.0028291494741193627,-0.0033620929504502473,-0.0033616134346144276,validation
432309,-958791.9680281143,-0.0033731291658716076,-0.002819138789600667,-0.003373645716861141,-0.0033731645381424417,validation
436063,-974247.7489011679,-0.0033833393008812196,-0.002809159995295467,-0.0033838650203138086,-0.0033833960685249677,validation
439850,-989541.5470992554,-0.003392166327906188,-0.0027992137845178557,-0.0033926533735229246,-0.0033922325208475355,validation
443669,-1004656.4603342015,-0.0033996088730224583,-0.0027893034000454,-0.00339997130725933,-0.003399638036099294,validation
447521,-1019553.2320908107,-0.0034055697262162176,-0.002779426834787408,-0.0034058134810411884,-0.00340557464090715,validation
451407,-1034193.8693009748,-0.0034099618860183316,-0.002769582177172192,-0.003410160929092677,-0.0034100067464717977,validation
455326,-1048571.765773665,-0.003412828654051705,-0.002759772584376922,-0.003412977154793421,-0.003412904050961647,validation
459280,-1062694.0534937056,-0.0034142235185995727,-0.0027499936903085534,-0.0034142627329824824,-0.0034142715876974324,validation
463268,-1076558.6992838779,-0.0034142023805997126,-0.002740248624439498,-0.0034141113558834872,-0.0034142105336645383,validation
467291,-1090195.1228726958,-0.0034128964363452346,-0.002730535570322769,-0.003412717756178828,-0.003412910085634784,validation
471348,-1103654.734636074,-0.003410520998115958,-0.002720857541608291,-0.0034102992786658117,-0.003410574481815601,validation
475441,-1116991.5835581943,-0.0034072574884180485,-0.0027112103814724117,-0.003406972968835234,-0.0034073299981277148,validation
479569,-1130181.928625923,-0.0034030764516489492,-0.002701597076024205,-0.0034026788558891995,-0.0034031173423660246,validation
483733,-1143120.8811232038,-0.003397688688807609,-0.002692015897243107,-0.0033971922314875256,-0.0033976959696865186,validation
487933,-1155671.0516092763,-0.0033907357687778476,-0.0026824674599610744,-0.003390219826183053,-0.0033907649825697986,validation
492170,-1167734.2795131411,-0.003381982238473586,-0.002672950118581087,-0.0033814950970286455,-0.003382044392160878,validation
496444,-1179231.6466979575,-0.0033712714787359193,-0.0026634645134542725,-0.0033708219335866173,-0.003371336096436531,validation
500754,-1190087.4071058128,-0.0033584757675892587,-0.0026540134364253735,-0.0033580570037004516,-0.003358511829012114,validation
505102,-1200212.497803649,-0.003343409041199534,-0.002644593086765368,-0.003343061406365359,-0.0033434267556103113,validation
509488,-1209515.545748436,-0.0033259101722741898,-0.002635204100622775,-0.0033256998695052804,-0.0033259390386623563,validation
513912,-1217920.3016070034,-0.0033058696983729275,-0.0026258470861910865,-0.003305844303312884,-0.0033059320476939904,validation
518374,-1225372.8557068417,-0.0032832461208149224,-0.0026165226244076996,-0.0032833857438015843,-0.0032833070747599583,validation
522875,-1231808.918003195,-0.0032579658488738005,-0.0026072292172857415,-0.003258240129200158,-0.003257996654349613,validation
527415,-1237170.304811257,-0.0032299869781535185,-0.0025979674669849343,-0.003230380564633566,-0.0032299988437815433,validation
531995,-1241432.0335980542,-0.0031993490311590165,-0.002588735945150775,-0.003199853793984615,-0.0031993806014312784,validation
536614,-1244613.5319519965,-0.003166223150285925,-0.002579537252125842,-0.003166799022847879,-0.003166286929656875,validation
541274,-1246760.400752008,-0.0031308138789391624,-0.0025703679985767704,-0.003131356989558508,-0.003130853688502398,validation
545973,-1247847.7577151516,-0.0030931775813627027,-0.0025612326872238135,-0.0030936349320730716,-0.00309319030290305,validation
550714,-1247810.0186466072,-0.0030532283950108017,-0.0025521260615468037,-0.0030535918407212006,-0.0030532472244455787,validation
555496,-1246568.7014510818,-0.0030108894815268706,-0.0025430506613977467,-0.0030111518607853966,-0.0030109190041978087,validation
560319,-1244052.396047216,-0.002966099038156266,-0.002534007044455738,-0.002966262042396057,-0.0029661374634395946,validation
565184,-1240245.4806573372,-0.002918924521846267,-0.002524993901209764,-0.0029189553095471292,-0.002918937361191327,validation
570092,-1235116.9093490802,-0.0028693970498606444,-0.0025160099853487484,-0.002869340794190648,-0.0028694214561254742,validation
575042,-1228694.1118003875,-0.002817697899105964,-0.002507057707143414,-0.002817561326488725,-0.002817711902218372,validation
580035,-1220960.2218328305,-0.0027638865649847167,-0.0024981358115822127,-0.002763724906033038,-0.0027638950399272353,validation
585072,-1211930.626274908,-0.002708094336211214,-0.0024892431041142215,-0.0027079657261155445,-0.002708114298245327,validation
590152,-1201698.1240717452,-0.0026506327420654356,-0.0024803819164525846,-0.002650528396415285,-0.0026506522104379157,validation
595276,-1190375.0818895688,-0.00259182853709314,-0.0024715510446721265,-0.002591729833470629,-0.0025918376649563895,validation
600445,-1178068.7982774656,-0.0025319831112409494,-0.0024627493427021754,-0.0025319196181056384,-0.002531995914600263,validation
605658,-1164912.2792124972,-0.002471451179931303,-0.0024539790650633343,-0.0024714349749914897,-0.002471459200234668,validation
610917,-1151021.5401517227,-0.0024105166490732484,-0.0024452374034953993,-0.002410527404957823,-0.0024105044797818167,validation
616222,-1136475.678059185,-0.002349385840393138,-0.0024365249492025887,-0.0023494530040576774,-0.002349400191952048,validation
621573,-1121410.978155037,-0.0022883718223779175,-0.002427842267352616,-0.0022884746331991684,-0.002288406332540513,validation
626970,-1105972.8746486693,-0.002227790432314884,-0.0024191898977284046,-0.0022278506460204272,-0.0022277834390813395,validation
632414,-1090236.951783705,-0.0021677973665161394,-0.0024105667809205104,-0.0021678079446634723,-0.002167755969738772,validation
637905,-1074283.3913245243,-0.002108554603872429,-0.002401973464470415,-0.0021085908491591497,-0.0021085578248495975,validation
643444,-1058322.5815441143,-0.002050462964887795,-0.0023934089341379676,-0.0020505006468984517,-0.0020504887870798232,validation
649031,-1042594.9912638655,-0.0019939647347396155,-0.0023848737436673612,-0.001993949403386583,-0.001993975140563009,validation
654666,-1027365.9784785071,-0.0019395255278896579,-0.0023763684218798676,-0.0019394017565753628,-0.0019394856402570253,validation
660351,-1012822.7059195992,-0.0018874313711623942,-0.0023678905086736046,-0.0018872578773656775,-0.0018873957469000139,validation
666085,-999163.6955083311,-0.0018379858568537443,-0.0023594420560811387,-0.0018378297786919731,-0.0018379987005281327,validation
671868,-986584.329149317,-0.0017914647932932711,-0.002351023573291594,-0.0017913080550062271,-0.001791489268418489,validation
677702,-975210.0317673441,-0.0017479942880869181,-0.002342632686523568,-0.0017478093196955412,-0.001747981912945922,validation
683587,-965119.6547782551,-0.0017076169918881143,-0.002334269961006864,-0.001707435120393396,-0.0017075722523462024,validation
689522,-956366.6070128009,-0.0016703297354509273,-0.0023259373325341917,-0.001670232512175669,-0.0016703181856930482,validation
695509,-949017.9177859481,-0.0016361393162857105,-0.002317632509191952,-0.0016361292504283864,-0.0016361638184781728,validation
701548,-943079.5399521515,-0.001604952696134647,-0.0023093560333685,-0.0016049720438723312,-0.001604959618539414,validation
707640,-938467.1198952366,-0.0015765236878139883,-0.0023011070772083297,-0.0015765649674868076,-0.001576507448976956,validation
713784,-935118.9809376784,-0.001550660268150996,-0.0022928875132823155,-0.001550738950060064,-0.0015506482583207025,validation
719982,-933016.5260569658,-0.0015272385501015596,-0.0022846951846212677,-0.0015273307374368814,-0.0015272312291968074,validation
726234,-932088.9908374203,-0.0015060608263970795,-0.002276530633969693,-0.001506158293262083,-0.0015060726720556353,validation
732539,-932247.8821105966,-0.0014869120414558804,-0.0022683956623619373,-0.0014869759091537256,-0.0014869259840254812,validation
738900,-933343.7294292422,-0.0014694780870229828,-0.0022602869173320417,-0.0014694782950607742,-0.0014694851566105964,validation
745316,-935226.1200441867,-0.0014534696277780851,-0.0022522062145453447,-0.0014533953317066957,-0.0014534557593621675,validation
751788,-937773.5954952147,-0.0014386492261919018,-0.002244152811265228,-0.0014385522968150088,-0.001438632630558605,validation
758315,-940975.2437775787,-0.0014249634587515183,-0.002236128445272878,-0.0014249258740599664,-0.001424986055101305,validation
764900,-944990.8674367853,-0.0014126046126630347,-0.00222812994292236,-0.0014126343509473667,-0.0014126403243395044,validation
771541,-950040.8574645221,-0.0014018571742885008,-0.002220160247019071,-0.0014019257225362004,-0.0014018555521812539,validation
778241,-956353.7628326174,-0.0013929881133418602,-0.00221221626885839,-0.0013931067830459055,-0.0013929665047267294,validation
784998,-964187.6948344652,-0.0013863049030183063,-0.0022043008898198864,-0.001386494586916089,-0.0013863135266927228,validation
791814,-973819.7816411853,-0.0013821138786305597,-0.0021964122537180414,-0.0013823474959562669,-0.0013821561600873536,validation
798689,-985479.0959717985,-0.0013806413037556558,-0.0021885508665528235,-0.0013808489043215279,-0.0013806680103083911,validation
805625,-999300.8971979041,-0.0013819644627403227,-0.0021807149655104665,-0.0013821192825049127,-0.0013819618586132438,validation
812620,-1015392.1301613599,-0.0013861254349558784,-0.0021729073111431975,-0.0013862410907223197,-0.001386126697545899,validation
819676,-1033885.8542766348,-0.0013931865225756967,-0.0021651261491653475,-0.0013932603061144835,-0.0013932124398988949,validation
826793,-1054856.6652936898,-0.0014031311454886673,-0.002157371975342285,-0.001403153440899019,-0.0014031725765930086,validation
833972,-1078308.4316422865,-0.0014158452771507674,-0.002149644192931601,-0.0014158042089172742,-0.0014158724679737998,validation
841213,-1104165.2128896937,-0.0014311168561964471,-0.0021419432917336566,-0.0014310260704893782,-0.0014311296967793683,validation
848518,-1132369.0038596168,-0.0014487597893393632,-0.0021342676503910145,-0.0014486432676007182,-0.0014487647685433955,validation
855885,-1162879.9558397532,-0.0014686278585272954,-0.0021266198536070246,-0.001468547015993765,-0.001468664393939607,validation
863317,-1195826.8536688574,-0.0014907776133120543,-0.002118997266562181,-0.0014907268956428125,-0.0014908288939947194,validation
870813,-1231330.897894401,-0.0015152609170644002,-0.0021114014096385325,-0.0015151952035014973,-0.0015152730853095426,validation
878374,-1269396.149258107,-0.0015419772574188368,-0.00210383174181874,-0.0015419491669703173,-0.0015419894807889756,validation
886001,-1310109.452707924,-0.001570927933126227,-0.002096287748599312,-0.001570964720186435,-0.0015709655700207206,validation
893694,-1353611.0318290554,-0.001602177475548065,-0.0020887699124500416,-0.0016022361987194128,-0.0016022129365035635,validation
901454,-1400026.8636620417,-0.0016357653852202218,-0.0020812777342443817,-0.0016358102377843913,-0.0016357823592485093,validation
909282,-1449460.0652576461,-0.0016717000809296845,-0.0020738107396220604,-0.0016717445822891177,-0.0016717291214023544,validation
917177,-1502011.8198660798,-0.0017099901831962715,-0.002066370351633538,-0.0017100204079931905,-0.0017100315117329385,validation
925141,-1557707.6644508801,-0.0017505481643931803,-0.0020589551499309053,-0.0017505190432252889,-0.0017505615077337605,validation
933174,-1616378.1511816978,-0.0017930773571829374,-0.0020515656113194113,-0.0017930224979656347,-0.0017930905898496012,validation
941276,-1677880.51088861,-0.0018373231680091488,-0.002044202190978692,-0.0018372835062433783,-0.0018373673295191905,validation
949449,-1742149.5289961696,-0.001883119869176504,-0.0020368635380068516,-0.0018830662367771067,-0.0018831493084336343,validation
957693,-1808965.6187893264,-0.0019301490310137121,-0.0020295501303504134,-0.0019300970056392458,-0.0019301592600053934,validation
966009,-1878064.4750505164,-0.0019780567117014054,-0.00202226155323279,-0.001978042909157603,-0.0019780760780000435,validation
974397,-1949173.3750205357,-0.0020264997905443524,-0.0020149982734654443,-0.002026514647112849,-0.0020265205943451356,validation
982858,-2021980.602766361,-0.0020751085487927244,-0.002007759886291209,-0.002075149231762215,-0.002075133194545452,validation
991392,-2096262.2662453726,-0.0021236233983077026,-0.0020005468472888226,-0.0021236675633538914,-0.0021236452963759333,validation
1000000,-2171877.4178057443,-0.0021718774178057444,-0.0019933587611320356,-0.0021718947677389915,-0.002171886480731112,validation
