frequency,power
0.0,7927.804816832605
0.00010002000400080016,215279.04210198007
0.00020004000800160032,1897617.180058171
0.0003000600120024005,3963196.656425434
0.00040008001600320064,4072593.6586866626
0.0005001000200040008,1172108.0149091177
0.000600120024004801,757464.6965460057
0.0007001400280056011,1037758.8515278789
0.0008001600320064013,1169150.1542225245
0.0009001800360072014,878568.6130782806
0.0010002000400080016,2646629.4151682016
0.0011002200440088017,2570037.5785110453
0.001200240048009602,2729340.719616942
0.001300260052010402,129912.20670121303
0.0014002800560112022,1721277.9757386956
0.0015003000600120023,1094454.5751470597
0.0016003200640128026,704555.1626740807
0.0017003400680136026,5321.286340940446
0.0018003600720144029,2032633.473771025
0.001900380076015203,2924558.1356457104
0.002000400080016003,109647.85840859798
0.0021004200840168035,1239834.568931681
0.0022004400880176033,1887945.8827492625
0.0023004600920184036,192362.5753717156
0.002400480096019204,5166269.956207443
0.002500500100020004,4976347.318543794
0.002600520104020804,1841949.7757559225
0.0027005401080216042,3017855.4313454377
0.0028005601120224045,2439951.0866720057
0.0029005801160232048,1390289.810289763
0.0030006001200240046,318719.2482427457
0.003100620124024805,924475.900542205
0.003200640128025605,1366400.551457274
0.0033006601320264054,1731123.8826859451
0.0034006801360272052,110216.25376167525
0.0035007001400280055,1875228.5011584256
0.0036007201440288058,1095409.6798076723
0.003700740148029606,10578.918427770499
0.003800760152030406,1715487.625906764
0.003900780156031206,5686788.880758387
0.004000800160032006,1280998.4775086113
0.004100820164032806,66896.91427437184
0.004200840168033607,770442.1894160142
0.004300860172034407,1700165.4637559934
0.004400880176035207,896523.4184774542
0.004500900180036007,2301620.4741316
0.004600920184036807,6150951.060141715
0.004700940188037608,8136548.449043566
0.004800960192038408,1089908.4826013595
0.0049009801960392075,2188555.588707623
0.005001000200040008,1475548.0902313087
0.005101020204040808,2640115.1337780594
0.005201040208041608,132493.57123229012
0.005301060212042409,2128795.3387994375
0.0054010802160432084,6196856.1223852765
0.005501100220044009,7572033.140912058
0.005601120224044809,810551.5272530736
0.005701140228045609,879415.4891312342
0.0058011602320464095,2412278.0081389435
0.005901180236047209,2405169.4195944737
0.006001200240048009,4844813.978418801
0.00610122024404881,1441839.9387472984
0.00620124024804961,1174506.0775631345
0.00630126025205041,4624149.739975009
0.00640128025605121,1968914.2563442949
0.00650130026005201,189626.83282728723
0.006601320264052811,270202.85993099294
0.006701340268053611,595106.8814488399
0.0068013602720544105,2614083.2424243907
0.006901380276055211,1412716.449235625
0.007001400280056011,711813.4505636372
0.007101420284056812,2292101.899927658
0.0072014402880576115,793577.5668283682
0.007301460292058411,1212850.1984828538
0.007401480296059212,350795.56133735535
0.007501500300060012,3039670.6587195224
0.007601520304060812,1073549.1647087175
0.0077015403080616125,404226.3766436168
0.007801560312062412,277229.7665064439
0.007901580316063212,1286549.3680215427
0.008001600320064013,5504060.747849923
0.008101620324064814,13629047.924948663
0.008201640328065612,7391122.325540199
0.008301660332066413,2993168.6026978055
0.008401680336067214,10208765.39481269
0.008501700340068013,5679594.6766961
0.008601720344068814,2000620.7254976395
0.008701740348069614,641013.4146120879
0.008801760352070413,1850512.4883927978
0.008901780356071214,433352.56925222214
0.009001800360072015,2240104.993617883
0.009101820364072815,4763147.244229802
0.009201840368073614,2285037.2004306195
0.009301860372074415,2795997.4776622225
0.009401880376075216,674841.3767948239
0.009501900380076015,2317764.6806053133
0.009601920384076815,1028587.989102848
0.009701940388077616,1396726.4077103408
0.009801960392078415,7487640.108175058
0.009901980396079216,5222514.7151749525
0.010002000400080016,780254.4529684713
0.010102020404080815,398775.1032144006
0.010202040408081616,1289.9099740396814
0.010302060412082417,700932.1792619264
0.010402080416083216,5549116.013008961
0.010502100420084017,3237577.8110000445
0.010602120424084817,1450862.5774711715
0.010702140428085618,3702900.412028944
0.010802160432086417,2015004.5950034992
0.010902180436087218,5064348.176547563
0.011002200440088018,12605530.142036848
0.011102220444088817,11151353.505022282
0.011202240448089618,4908044.015562703
0.011302260452090419,2677356.345539574
0.011402280456091218,2960803.962246226
0.011502300460092018,605829.1245891498
0.011602320464092819,2247196.8609064873
0.011702340468093618,3136574.324461107
0.011802360472094419,6576802.890972723
0.01190238047609522,6431175.652957785
0.012002400480096018,5604616.659349868
0.012102420484096819,5210825.8131051995
0.01220244048809762,2314078.0357184876
0.01230246049209842,1071434.1659375364
0.01240248049609922,1018770.340106128
0.01250250050010002,1240513.3730446156
0.01260252050410082,113212.50414240966
0.01270254050810162,1233510.4432718356
0.01280256051210242,3006539.202591966
0.012902580516103221,2527330.8916393863
0.01300260052010402,4733408.507762686
0.013102620524104821,1622646.9192876262
0.013202640528105622,1196020.5474868214
0.01330266053210642,1105860.1734335935
0.013402680536107221,179916.77403670913
0.013502700540108022,1516192.4872150565
0.013602720544108821,1296382.084021726
0.013702740548109622,401354.8346897801
0.013802760552110422,1870903.1957447343
0.013902780556111223,526270.4399884059
0.014002800560112022,450396.267476415
0.014102820564112823,595403.0107151212
0.014202840568113623,4866543.203794349
0.014302860572114422,5502508.257990287
0.014402880576115223,456951.9756466736
0.014502900580116024,531202.1721705599
0.014602920584116823,3844972.248436588
0.014702940588117623,5817190.183730252
0.014802960592118424,9695003.071694892
0.014902980596119223,1105370.9128899623
0.015003000600120024,1838504.5013766966
0.015103020604120825,574496.5999562903
0.015203040608121624,456485.07466446044
0.015303060612122424,1292709.4953564585
0.015403080616123225,2980375.8339150953
0.015503100620124026,1023195.0731914032
0.015603120624124825,2044236.2944906896
0.015703140628125625,8917708.84578917
0.015803160632126424,7556132.851625508
0.015903180636127227,4124529.161082034
0.016003200640128026,1255265.2893292976
0.016103220644128825,629397.6977154817
0.016203240648129627,4816318.279170563
0.016303260652130426,3872368.6670628707
0.016403280656131225,7222023.702113772
0.016503300660132027,7805933.131141621
0.016603320664132826,294181.3065275158
0.016703340668133625,2959009.422028165
0.016803360672134428,1997284.6037801804
0.016903380676135227,4046894.1448709643
0.017003400680136026,233005.85762358262
0.017103420684136828,1127274.8435304423
0.017203440688137627,6212549.426699465
0.017303460692138426,6326851.754982285
0.01740348069613923,3203981.138356829
0.017503500700140028,2025585.0393594275
0.017603520704140826,1916960.4426477514
0.01770354070814163,360163.8028784762
0.017803560712142428,3256637.784478523
0.01790358071614323,948897.3165445947
0.01800360072014403,874929.5093813566
0.018103620724144828,2979021.7117183153
0.01820364072814563,3125059.9657968716
0.01830366073214643,4012673.411197325
0.01840368073614723,892013.4280909492
0.01850370074014803,4281111.953611558
0.01860372074414883,6556408.520627615
0.01870374074814963,2314535.996846428
0.01880376075215043,6152269.220802209
0.01890378075615123,3681846.0312655624
0.01900380076015203,3705429.0441865325
0.019103820764152832,2680520.423994606
0.01920384076815363,926093.965785194
0.01930386077215443,2603637.0232309
0.019403880776155232,4808116.14362503
0.01950390078015603,3775293.4483911367
0.01960392078415683,1210072.5155404052
0.019703940788157633,3184292.0020574285
0.01980396079215843,610650.4293885254
0.01990398079615923,120734.01548608273
0.020004000800160033,1396243.0283507584
0.020104020804160832,2892866.279692939
0.02020404080816163,275452.75293218653
0.020304060812162433,4756667.830549337
0.020404080816163232,4263267.415273303
0.02050410082016403,363367.2141767912
0.020604120824164834,678017.6915823965
0.020704140828165633,1470277.0815165953
0.02080416083216643,3435840.2354563926
0.020904180836167234,905036.8168256952
0.021004200840168033,975146.9478969858
0.021104220844168835,1258002.047047715
0.021204240848169634,2788356.2790135634
0.021304260852170433,1396229.1420815922
0.021404280856171236,3554088.5404982436
0.021504300860172035,360269.6580717793
0.021604320864172834,3021191.1276675905
0.021704340868173636,4292727.996168845
0.021804360872174435,1988773.775374383
0.021904380876175234,1352515.3130961321
0.022004400880176037,1965155.9019358724
0.022104420884176836,678215.757928658
0.022204440888177635,2326523.6423319955
0.022304460892178437,4608606.496108069
0.022404480896179236,7817669.967861344
0.022504500900180035,3351092.884390161
0.022604520904180837,1977071.0445883889
0.022704540908181636,9790174.80367506
0.022804560912182435,14182114.814284958
0.022904580916183238,4793198.079400867
0.023004600920184037,4823.945519115062
0.023104620924184836,1043116.9004586352
0.023204640928185638,2267435.49677367
0.023304660932186437,1661354.8545446426
0.023404680936187236,226952.332661039
0.02350470094018804,2466515.052470861
0.023604720944188837,3238034.474427556
0.023704740948189636,684432.8394498171
0.02380476095219044,457479.2938648234
0.023904780956191238,3961047.6290722857
0.024004800960192037,1844935.7393587828
0.02410482096419284,2894310.5459674154
0.024204840968193638,7035934.805763184
0.02430486097219444,2424330.740727714
0.02440488097619524,41888.60142680526
0.02450490098019604,496384.53338668786
0.02460492098419684,59406.6076927391
0.02470494098819764,2432853.109066525
0.02480496099219844,4207844.4966512285
0.02490498099619924,199721.01732793025
0.02500500100020004,1296254.8325744371
0.02510502100420084,1202539.3628896542
0.02520504100820164,827799.2431575776
0.02530506101220244,375824.5799821767
0.02540508101620324,787074.3492358325
0.025505101020204042,2993987.1846068446
0.02560512102420484,2374112.8571120724
0.02570514102820564,1064427.3302742655
0.025805161032206442,1746515.2879058104
0.02590518103620724,1520441.9659885243
0.02600520104020804,1912403.4673488007
0.026105221044208843,7914260.682918263
0.026205241048209642,938437.5553242108
0.02630526105221044,1545135.8377905744
0.026405281056211243,3540428.8010664545
0.026505301060212042,6174476.419852358
0.02660532106421284,9196912.367188405
0.026705341068213644,6700047.761831146
0.026805361072214443,6496774.882111965
0.02690538107621524,8843667.83372404
0.027005401080216044,1909827.585555947
0.027105421084216843,3188863.2844044194
0.027205441088217642,204635.30570918167
0.027305461092218444,1320246.6794204372
0.027405481096219243,6566006.313593558
0.027505501100220046,2541491.929413598
0.027605521104220845,215400.39522988882
0.027705541108221644,626846.0844194642
0.027805561112222446,143610.4535449378
0.027905581116223245,2441241.5008894945
0.028005601120224044,7881864.861496455
0.028105621124224846,1546713.6890201995
0.028205641128225645,878717.7922213402
0.028305661132226444,286437.2959717253
0.028405681136227247,434208.88111803314
0.028505701140228046,243651.2645910835
0.028605721144228845,1659260.2751549946
0.028705741148229647,4842010.309419561
0.028805761152230446,3543584.5895736
0.028905781156231245,240195.4311821467
0.029005801160232048,1516000.9633965027
0.029105821164232847,1974525.7869145763
0.029205841168233646,6988.519903624709
0.029305861172234448,1042158.7773148742
0.029405881176235247,1492193.2935105672
0.029505901180236046,2707867.2088637636
0.02960592118423685,2947745.3215043205
0.029705941188237647,2295535.393470013
0.029805961192238446,522130.38860509865
0.02990598119623925,501202.90560288675
0.030006001200240048,1386858.2673596032
0.030106021204240847,1904986.502648389
0.03020604120824165,1312017.6836929843
0.030306061212242448,2375957.3499935726
0.030406081216243247,2114804.4450845234
0.03050610122024405,2195278.7888542
0.03060612122424485,1900245.6621728474
0.03070614122824565,3660042.7308259555
0.03080616123224645,1483365.5701369657
0.03090618123624725,456776.857444971
0.03100620124024805,2083698.2234895758
0.03110622124424885,3701206.362921747
0.03120624124824965,7857672.973186119
0.03130626125225045,3375944.9901924212
0.03140628125625125,342919.6695472119
0.03150630126025205,1955591.9692654447
0.03160632126425285,2306741.85291987
0.03170634126825365,3615806.081514765
0.03180636127225445,3643545.8364753523
0.03190638127625525,637572.8454386083
0.03200640128025605,2638297.778581863
0.03210642128425685,5308815.129712578
0.03220644128825765,7372212.049629319
0.032306461292258455,4173658.1026937845
0.032406481296259254,1807922.442435389
0.03250650130026005,699343.7779370941
0.03260652130426085,4432186.703625239
0.03270654130826165,2146941.501987409
0.03280656131226245,1054347.2002688989
0.032906581316263256,797658.6962198709
0.033006601320264055,5321615.685462157
0.033106621324264854,6339702.597003735
0.03320664132826565,495136.91540306294
0.03330666133226645,1625406.1721514808
0.03340668133626725,4538296.419586731
0.03350670134026806,3489492.9761811774
0.033606721344268856,2778771.2855156874
0.033706741348269655,1822667.1733057126
0.033806761352270454,2218653.6222660877
0.03390678135627125,1650417.2134009171
0.03400680136027205,577441.8058749919
0.03410682136427286,853171.7462526842
0.034206841368273656,917083.4927793427
0.034306861372274455,3284140.003999274
0.034406881376275254,3599869.744189789
0.03450690138027605,225904.87603363008
0.03460692138427685,38462.7085700553
0.03470694138827766,3425759.3221468786
0.03480696139227846,2918947.1743857292
0.034906981396279256,2924259.6350896526
0.035007001400280055,1237747.8456173197
0.035107021404280854,1009906.1051136388
0.03520704140828165,2507315.3086114516
0.03530706141228246,2358849.804450595
0.03540708141628326,48142.67969940909
0.03550710142028406,2277080.2137125996
0.035607121424284856,1811521.278373641
0.035707141428285655,3197107.124772432
0.03580716143228646,2981068.384558881
0.03590718143628726,1649983.5747616387
0.03600720144028806,2276161.690868636
0.03610722144428886,5600099.719850268
0.036207241448289657,3841374.8039159793
0.036307261452290455,245979.30520719432
0.03640728145629126,248359.05335848764
0.03650730146029206,73582.50074207208
0.03660732146429286,1315326.4620495606
0.03670734146829366,1794612.7368791727
0.03680736147229446,755792.8232191475
0.036907381476295256,67369.69988279072
0.03700740148029606,2375018.082230857
0.03710742148429686,8006960.277856061
0.03720744148829766,6653178.464504503
0.03730746149229846,4828660.276577512
0.03740748149629926,1584652.9344602202
0.03750750150030006,1474085.1072619464
0.03760752150430086,2745038.351118748
0.03770754150830166,1023579.9172126034
0.03780756151230246,6063193.391830429
0.03790758151630326,1387103.3489248562
0.03800760152030406,588354.58694436
0.03810762152430486,187811.6165066097
0.038207641528305664,2415272.098349873
0.03830766153230646,6647321.162920677
0.03840768153630726,6509442.478389514
0.03850770154030806,870795.6871674568
0.03860772154430886,131760.86579386846
0.03870774154830966,2078193.3176294584
0.038807761552310464,3114275.7129415865
0.03890778155631126,696713.5690301718
0.03900780156031206,552740.6280818947
0.03910782156431286,1134884.9267796157
0.03920784156831366,600763.8536294327
0.039307861572314466,436528.1227695242
0.039407881576315265,4723536.946896331
0.039507901580316064,2660212.830430516
0.03960792158431686,2141663.999121852
0.03970794158831766,3266714.9513176363
0.03980796159231846,636494.5240428593
0.03990798159631927,967419.2840574874
0.040008001600320066,3397792.110376249
0.040108021604320865,682446.9247670283
0.040208041608321664,1371520.9655553976
0.04030806161232246,240381.33046901567
0.04040808161632326,1649859.1833225288
0.04050810162032407,1773844.1418674486
0.04060812162432487,833828.9357679465
0.040708141628325666,1065700.5394229838
0.040808161632326465,1647155.175814327
0.040908181636327264,867785.7487091601
0.04100820164032806,2075691.5915005852
0.04110822164432887,2735207.0454561147
0.04120824164832967,919180.2323893153
0.041308261652330466,928444.4953315849
0.041408281656331265,867129.5804108235
0.041508301660332064,3023501.8103804295
0.04160832166433286,9340833.959275397
0.04170834166833367,7523937.355838168
0.04180836167233447,2898257.348485076
0.04190838167633527,2254121.2985037398
0.042008401680336066,2219769.6477823243
0.042108421684336865,1137340.8699372876
0.04220844168833767,1522830.2900049523
0.04230846169233847,2717225.46319804
0.04240848169633927,3634494.7185641318
0.04250850170034007,2172343.478133541
0.04260852170434087,2505658.5213626334
0.042708541708341666,1109976.8986341753
0.04280856171234247,219989.4374837199
0.04290858171634327,6118539.269867582
0.04300860172034407,15315917.181099327
0.04310862172434487,5909735.061132621
0.04320864172834567,8513739.172914825
0.043308661732346466,6874825.960646973
0.04340868173634727,2653476.2788216067
0.04350870174034807,2206685.0922726523
0.04360872174434887,4106704.884602945
0.04370874174834967,6204335.325887679
0.04380876175235047,7395462.8603615
0.04390878175635127,5152793.925769345
0.04400880176035207,8314427.280767673
0.04410882176435287,5747824.9622397125
0.04420884176835367,801936.3672380067
0.04430886177235447,90546.17969658006
0.04440888177635527,2806245.3980454067
0.04450890178035607,1654370.4341262775
0.044608921784356874,1784862.0162511254
0.04470894178835767,1937806.8561403593
0.04480896179235847,48676.31545582779
0.04490898179635927,2055833.9964363917
0.04500900180036007,1938935.8350258688
0.04510902180436087,161255.2777595147
0.045209041808361675,1486988.284439403
0.045309061812362474,6804580.958675081
0.04540908181636327,5479494.532516432
0.04550910182036407,1858789.1460148136
0.04560912182436487,3112792.8335027904
0.045709141828365676,458905.44045538467
0.045809161832366475,1956936.7617804976
0.045909181836367274,3465835.3949497687
0.04600920184036807,1579069.6469086937
0.04610922184436887,684603.1836529345
0.04620924184836967,1545757.1729820678
0.04630926185237048,309861.907939492
0.046409281856371276,1116586.8570542692
0.046509301860372075,102571.63246345294
0.046609321864372874,2607824.961104418
0.04670934186837367,1821434.9079496555
0.04680936187237447,1391350.5137550833
0.04690938187637528,1084173.8951091294
0.04700940188037608,277492.3102937727
0.047109421884376876,921665.8202770703
0.047209441888377675,100546.44865039823
0.047309461892378474,961838.8284176474
0.04740948189637927,1276534.6698770227
0.04750950190038008,576868.9769583392
0.04760952190438088,76810.542724747
0.04770954190838168,5706791.364420718
0.047809561912382476,7652140.069503472
0.047909581916383275,9872837.240547193
0.048009601920384073,5396120.585498982
0.04810962192438488,1903524.262115238
0.04820964192838568,415675.0495599167
0.04830966193238648,362132.36862040206
0.048409681936387276,2239634.2898539077
0.048509701940388075,2388694.3437379035
0.04860972194438888,4344733.83770056
0.04870974194838968,5741344.224329122
0.04880976195239048,1454366.2575695473
0.04890978195639128,2258773.563262583
0.04900980196039208,656058.3502613176
0.049109821964392876,1286309.6489717797
0.04920984196839368,1245836.1644296413
0.04930986197239448,1789733.7304750893
0.04940988197639528,8103669.433494352
0.04950990198039608,3756866.0941048865
0.04960992198439688,806368.7119448417
0.04970994198839768,455974.36704928713
0.04980996199239848,4572757.42881062
0.04990998199639928,3470050.762940457
0.05001000200040008,470252.2186567738
0.05011002200440088,2672078.603583336
0.05021004200840168,6078693.3943682425
0.05031006201240248,5682183.332850654
0.05041008201640328,3090590.8916338235
0.05051010202040408,4599675.2436276395
0.05061012202440488,9624275.880078046
0.05071014202840568,824610.7107075916
0.05081016203240648,966890.5364125554
0.05091018203640728,514911.38553367974
0.051010202040408084,511884.003530421
0.05111022204440888,370183.6332161926
0.05121024204840968,296451.7483667036
0.05131026205241048,491240.666947125
0.05141028205641128,2805633.313676946
0.05151030206041208,906676.4591169176
0.051610322064412885,778797.9916857571
0.051710342068413684,1100805.4261787764
0.05181036207241448,3998253.129486246
0.05191038207641528,6172959.084125093
0.05201040208041608,3937444.4337263373
0.05211042208441689,2211363.7862565313
0.052210442088417686,1534971.1036926692
0.052310462092418485,204324.38056170417
0.052410482096419284,16416.672786604824
0.05251050210042008,4700374.861275312
0.05261052210442088,7390262.1904376345
0.05271054210842169,2993128.233627512
0.052810562112422486,274571.0789910837
0.052910582116423285,453819.3871428003
0.053010602120424084,275671.5694018554
0.05311062212442488,198944.5393827568
0.05321064212842568,1301090.1172783624
0.05331066213242649,436622.9186928485
0.05341068213642729,519461.3660288865
0.053510702140428086,1502767.3416571673
0.053610722144428885,760554.5882779221
0.053710742148429684,255910.03186705054
0.05381076215243048,4578719.353781821
0.05391078215643129,6036948.725410276
0.05401080216043209,720439.6776357748
0.05411082216443289,2505567.999286472
0.054210842168433686,1297579.5502481034
0.054310862172434485,1379514.6983848156
0.054410882176435284,486628.7352507881
0.05451090218043609,2073762.2179118067
0.05461092218443689,3892449.229789551
0.05471094218843769,4722759.401043731
0.05481096219243849,3298774.724299834
0.054910982196439286,646320.5526803329
0.05501100220044009,2727898.3420844465
0.05511102220444089,1161255.5801634844
0.05521104220844169,4186370.953954596
0.05531106221244249,8391685.883331735
0.05541108221644329,1585902.5965575606
0.055511102220444086,2814507.9124849495
0.05561112222444489,613607.8680633765
0.05571114222844569,1626417.5358844842
0.05581116223244649,141554.13839829274
0.05591118223644729,1230046.1200402456
0.05601120224044809,962963.0808784544
0.05611122224444889,1132590.8892180684
0.05621124224844969,4676302.425609112
0.05631126225245049,3833841.220308137
0.05641128225645129,2360343.031302717
0.05651130226045209,931174.6407727032
0.05661132226445289,868150.8884296765
0.05671134226845369,2593858.114339778
0.056811362272454494,424233.28603099845
0.05691138227645529,2191496.358966662
0.05701140228045609,333475.2650985636
0.05711142228445689,1318380.6347585302
0.05721144228845769,1388353.6550462032
0.05731146229245849,5216643.314001612
0.057411482296459294,5774022.097312179
0.05751150230046009,655592.4840891702
0.05761152230446089,485383.75884351984
0.05771154230846169,213386.01654392673
0.05781156231246249,1038869.2250995005
0.05791158231646329,3388848.1196234464
0.058011602320464095,5350344.053298795
0.058111622324464894,3382366.0176012414
0.05821164232846569,2133559.6590568637
0.05831166233246649,1348426.201481394
0.05841168233646729,2787351.4186588936
0.0585117023404681,1264868.3419638039
0.058611722344468896,455684.3685869101
0.058711742348469695,267527.91022296157
0.058811762352470494,1341488.3136366792
0.05891178235647129,2957287.1067600045
0.05901180236047209,742772.5766087236
0.0591118223644729,161591.5397027574
0.0592118423684737,409600.9177022155
0.059311862372474496,3443818.8227932896
0.059411882376475295,1181153.0777343893
0.059511902380476094,1919026.2513304683
0.05961192238447689,6146675.13932186
0.0597119423884777,9252563.147402223
0.0598119623924785,5683851.226854563
0.059911982396479296,3818843.5465125972
0.060012002400480095,3485413.452135504
0.060112022404480894,367748.37777371553
0.06021204240848169,2595610.464874535
0.0603120624124825,1292425.17975503
0.0604120824164833,202877.4360716517
0.0605121024204841,71062.23896590511
0.060612122424484896,425476.3291241075
0.060712142428485695,1745311.180300408
0.060812162432486494,4158286.516482927
0.0609121824364873,3826633.2644675476
0.0610122024404881,422685.8526661274
0.0611122224444889,365812.6130609146
0.0612122424484897,188820.119342603
0.061312262452490496,29951.187683576703
0.0614122824564913,3680925.89609408
0.0615123024604921,2355514.1675957986
0.0616123224644929,1106111.8587907362
0.0617123424684937,588033.9829642274
0.0618123624724945,455358.3249865689
0.061912382476495297,3335272.032448151
0.0620124024804961,4571619.381864436
0.0621124224844969,6695790.411291257
0.0622124424884977,2901402.440087027
0.0623124624924985,556893.3924574091
0.0624124824964993,2987878.8561801654
0.0625125025005001,1720875.66814854
0.0626125225045009,215229.63929750543
0.0627125425085017,110541.66338931197
0.0628125625125025,161290.755821473
0.06291258251650331,320173.0742385259
0.0630126025205041,226231.23617577064
0.0631126225245049,929250.5969080846
0.0632126425285057,941929.8753766259
0.0633126625325065,21191.51956430647
0.0634126825365073,273258.5145869337
0.0635127025405081,4115480.57103089
0.0636127225445089,8696929.55376433
0.0637127425485097,4294517.514186251
0.0638127625525105,4727477.928638666
0.0639127825565113,4035181.8777337917
0.0640128025605121,364805.2127354999
0.06411282256451291,1212405.8986184646
0.0642128425685137,1805031.9339570238
0.0643128625725145,3193304.5884243036
0.0644128825765153,3530603.0515302885
0.0645129025805161,2501106.7530776504
0.06461292258451691,935879.3975379362
0.0647129425885177,622638.6945182994
0.06481296259251851,1184071.657836455
0.0649129825965193,2158918.897121781
0.0650130026005201,2459729.719309544
0.0651130226045209,301950.031711085
0.0652130426085217,390513.23184427456
0.06531306261252251,1872123.9842728
0.0654130826165233,1782510.6267964938
0.06551310262052411,1220254.91509847
0.0656131226245249,4595091.560022526
0.0657131426285257,759508.6858270973
0.06581316263252651,351277.5222238993
0.0659131826365273,1230151.7217113925
0.06601320264052811,3926691.2537247855
0.0661132226445289,5860189.093839219
0.06621324264852971,3691236.561425926
0.0663132626525305,3142311.2123485715
0.0664132826565313,3853977.054338726
0.06651330266053211,6423910.025005865
0.0666133226645329,1874258.480180959
0.06671334266853371,1408752.7339489067
0.0668133626725345,464357.97894773964
0.06691338267653531,11824526.08983811
0.06701340268053611,8887395.045511046
0.0671134226845369,2879936.3538081017
0.06721344268853771,679034.396955593
0.0673134626925385,88704.22174614824
0.06741348269653931,793737.8173405115
0.0675135027005401,85504.49889791873
0.06761352270454091,2158740.310463401
0.06771354270854171,3499772.671451643
0.0678135627125425,1311926.836186999
0.06791358271654331,2491977.131298434
0.0680136027205441,149918.57925979854
0.06811362272454491,817741.0134415191
0.06821364272854571,84326.09269987611
0.0683136627325465,219666.86239137626
0.06841368273654731,1847153.1778524779
0.0685137027405481,1196029.2872140731
0.06861372274454891,69991.66549947817
0.06871374274854972,398752.5503681408
0.06881376275255051,1234118.7819541893
0.06891378275655131,509099.117848079
0.0690138027605521,757097.7028599777
0.06911382276455291,751065.3256750605
0.0692138427685537,1964187.494700192
0.06931386277255451,3043928.0422632033
0.06941388277655532,2919101.821462126
0.06951390278055611,2796506.8714189082
0.06961392278455691,284594.8140834111
0.0697139427885577,997247.1690789061
0.06981396279255851,4548551.216179736
0.06991398279655932,4237027.366882687
0.07001400280056011,1514438.9141816052
0.07011402280456092,1014001.744226059
0.07021404280856171,4520079.045332638
0.07031406281256251,3830329.478257997
0.0704140828165633,2114159.3595353337
0.07051410282056411,1477248.7078754462
0.07061412282456492,1074234.1250641933
0.07071414282856571,1735360.5709104412
0.07081416283256652,5364827.261855692
0.07091418283656731,12720547.542634761
0.07101420284056811,10777038.97895993
0.07111422284456892,9399192.224329662
0.07121424284856971,5479775.603727694
0.07131426285257052,97022.79938840857
0.07141428285657131,763985.5487833818
0.07151430286057212,336636.55742238066
0.07161432286457292,24317.57678686413
0.07171434286857371,781604.354631601
0.07181436287257452,2523074.967121287
0.07191438287657531,7480457.025219785
0.07201440288057612,7379157.671220169
0.07211442288457691,1985148.6032087684
0.07221444288857772,1179415.0301552764
0.07231446289257852,792457.6553647091
0.07241448289657931,3245893.8638299974
0.07251450290058012,5054448.359276422
0.07261452290458091,2204875.1614152193
0.07271454290858172,448157.5032248398
0.07281456291258252,1705942.392403481
0.07291458291658331,4448735.615633901
0.07301460292058412,2074195.70544482
0.07311462292458491,1713402.9553106856
0.07321464292858572,5376.00178816537
0.07331466293258651,1343476.1427436224
0.07341468293658732,2160096.3965220265
0.07351470294058812,2238998.0561198452
0.07361472294458891,115067.14017832227
0.07371474294858972,45179.89871374908
0.07381476295259051,106473.94379339073
0.07391478295659132,1285839.333415452
0.07401480296059212,3881767.9409086974
0.07411482296459292,3002440.328632583
0.07421484296859372,795852.8394564589
0.07431486297259451,85839.99691870791
0.07441488297659532,629106.7305914836
0.07451490298059613,2713961.434496239
0.07461492298459692,1595455.3995396337
0.07471494298859772,967918.6887711406
0.07481496299259852,261808.84073880158
0.07491498299659932,2545035.480996267
0.07501500300060011,3619961.9833777463
0.07511502300460092,2309662.4365911
0.07521504300860173,1675160.4072083267
0.07531506301260252,943663.1148713417
0.07541508301660332,172638.94938188363
0.07551510302060412,1961319.0211584086
0.07561512302460492,3772522.9203267144
0.07571514302860573,3070913.3709346247
0.07581516303260652,3227429.5005221204
0.07591518303660733,1227587.120521209
0.07601520304060812,3474653.4848310333
0.07611522304460892,1318699.0469841373
0.07621524304860972,64352.39102638753
0.07631526305261052,1065609.2285167233
0.07641528305661133,239880.7933034499
0.07651530306061212,780539.18662879
0.07661532306461293,5626120.285583277
0.07671534306861372,4818696.478772635
0.07681536307261452,3182980.270937729
0.07691538307661533,4245836.050754625
0.07701540308061612,2322281.542189751
0.07711542308461693,342749.39674778335
0.07721544308861772,1975891.8504329359
0.07731546309261852,4179789.956296401
0.07741548309661932,7263242.72655721
0.07751550310062012,3323397.2786756093
0.07761552310462093,249358.35942069133
0.07771554310862172,5317934.766482967
0.07781556311262253,11641357.423492335
0.07791558311662332,10437323.064081734
0.07801560312062412,2488210.336324447
0.07811562312462493,476097.03142421826
0.07821564312862572,724323.3777971517
0.07831566313262653,203177.53742556588
0.07841568313662732,458313.96595058736
0.07851570314062813,1357259.959242577
0.07861572314462893,4087974.0522595043
0.07871574314862972,6811078.060684169
0.07881576315263053,1873421.320871789
0.07891578315663132,2885557.845476673
0.07901580316063213,7424144.335881334
0.07911582316463292,8832016.870683735
0.07921584316863373,10113556.843795232
0.07931586317263453,6289992.128297595
0.07941588317663532,219195.36256005726
0.07951590318063613,1942297.009131236
0.07961592318463692,3148496.692528355
0.07971594318863773,1644629.772757433
0.07981596319263853,1386797.3470842263
0.07991598319663933,431702.5373297452
0.08001600320064013,2272322.6088693687
0.08011602320464092,4855946.091662837
0.08021604320864173,6987507.30193623
0.08031606321264252,6148689.628420161
0.08041608321664333,4402364.380810855
0.08051610322064413,1186759.651919721
0.08061612322464493,625090.1677014884
0.08071614322864573,2474305.7107777633
0.08081616323264652,3777894.155849275
0.08091618323664733,1335978.8947444889
0.08101620324064814,2396310.1866573608
0.08111622324464893,11491376.419813322
0.08121624324864973,10855047.386186205
0.08131626325265053,3683967.342546544
0.08141628325665133,3180446.637519381
0.08151630326065214,5644371.7763388865
0.08161632326465293,3398873.9250010774
0.08171634326865373,1678779.6165077295
0.08181636327265453,1004768.1921673968
0.08191638327665533,134031.80414561072
0.08201640328065612,906551.1516485452
0.08211642328465693,3851369.1017466965
0.08221644328865774,954839.9796824934
0.08231646329265853,1631094.5051583515
0.08241648329665933,116341.84793709863
0.08251650330066013,6266244.784932781
0.08261652330466093,4384023.077675275
0.08271654330866174,696755.1589878944
0.08281656331266253,200179.46257830545
0.08291658331666334,1063461.700007181
0.08301660332066413,239490.4529733445
0.08311662332466493,3138954.7428702675
0.08321664332866573,4000583.308653367
0.08331666333266653,739064.4217809152
0.08341668333666734,744215.9722958375
0.08351670334066813,1682898.3151919958
0.08361672334466894,1224156.978196504
0.08371674334866973,159099.07313245104
0.08381676335267053,1705.5088575137786
0.08391678335667134,178608.86992984088
0.08401680336067213,315802.12453032844
0.08411682336467294,732384.3929872311
0.08421684336867373,905754.6913521964
0.08431686337267454,1536532.526329454
0.08441688337667534,10625211.585046113
0.08451690338067613,12572800.196436033
0.08461692338467694,4401566.852630177
0.08471694338867773,255639.72745024448
0.08481696339267854,956467.571946211
0.08491698339667933,863544.7907990811
0.08501700340068014,486376.472492122
0.08511702340468094,1683035.833784184
0.08521704340868173,560327.2112282269
0.08531706341268254,1958671.022414705
0.08541708341668333,2438291.9313406018
0.08551710342068414,4004342.3047998995
0.08561712342468494,435275.3644907776
0.08571714342868574,906120.2905665288
0.08581716343268654,2278751.4889491023
0.08591718343668733,989334.489619049
0.08601720344068814,198988.471094576
0.08611722344468893,904224.4211115518
0.08621724344868974,134996.44558960275
0.08631726345269054,4350660.91514795
0.08641728345669134,5884049.218994723
0.08651730346069214,613153.0772851526
0.08661732346469293,444676.7971541834
0.08671734346869374,232864.48442414965
0.08681736347269454,1391187.3711372202
0.08691738347669534,1481257.758019221
0.08701740348069614,192315.7438975555
0.08711742348469693,5477.202398998571
0.08721744348869774,560441.7650804167
0.08731746349269855,4367358.712245567
0.08741748349669934,752741.5235454752
0.08751750350070014,762264.0152142749
0.08761752350470094,2861025.887485154
0.08771754350870174,2754179.2392767114
0.08781756351270253,103363.94981168403
0.08791758351670334,953009.5901538772
0.08801760352070415,1403866.6825894315
0.08811762352470494,1416498.9378841622
0.08821764352870574,1141268.6565895793
0.08831766353270654,338019.1882499416
0.08841768353670734,1173074.7094912184
0.08851770354070815,7901594.496349556
0.08861772354470894,8764532.104519693
0.08871774354870975,5498688.166494884
0.08881776355271054,2901773.041229125
0.08891778355671134,725692.9845290721
0.08901780356071214,3840294.9758711914
0.08911782356471294,7351387.190413424
0.08921784356871375,2059598.9631851742
0.08931786357271454,1538135.2084392505
0.08941788357671535,2788562.5352192195
0.08951790358071614,1710358.759822919
0.08961792358471694,456337.5002490002
0.08971794358871775,3313005.846323768
0.08981796359271854,2774700.417372271
0.08991798359671935,290577.9073196978
0.09001800360072014,2444856.0398633303
0.09011802360472095,2242904.0199958202
0.09021804360872174,674158.300053738
0.09031806361272254,2791385.2049272135
0.09041808361672335,1496543.197811694
0.09051810362072414,1529977.3850099742
0.09061812362472495,635328.7292142664
0.09071814362872574,4887018.974134125
0.09081816363272655,3575181.466442578
0.09091818363672735,3397509.3783948515
0.09101820364072814,1091898.4522402212
0.09111822364472895,1459849.1909598215
0.09121824364872974,1477223.3957747729
0.09131826365273055,3030468.550687665
0.09141828365673135,5436576.044675397
0.09151830366073214,4410987.004281117
0.09161832366473295,1782535.9198832598
0.09171834366873374,2253511.231701303
0.09181836367273455,3657978.2328163115
0.09191838367673534,2376077.7546671205
0.09201840368073615,4859401.600228736
0.09211842368473695,5519606.876375644
0.09221844368873774,2749421.306967538
0.09231846369273855,2382251.650701133
0.09241848369673934,6501249.080511113
0.09251850370074015,1758443.2343921757
0.09261852370474095,4060315.3054223955
0.09271854370874175,3574937.1454464714
0.09281856371274255,981448.9831336504
0.09291858371674334,731704.5201414017
0.09301860372074415,422105.92453316954
0.09311862372474494,1802589.9225035168
0.09321864372874575,726236.5146896396
0.09331866373274655,682150.4812100478
0.09341868373674735,3380298.7822463936
0.09351870374074815,5925119.593267407
0.09361872374474894,2251866.6509415186
0.09371874374874975,989443.2974825713
0.09381876375275056,442011.17685618566
0.09391878375675135,1473622.6598903348
0.09401880376075215,6491775.769435817
0.09411882376475295,10476093.434768666
0.09421884376875375,3384881.285606676
0.09431886377275456,4265677.274710905
0.09441888377675535,3261027.948770147
0.09451890378075616,2658226.476212286
0.09461892378475695,1719415.5595163337
0.09471894378875775,2575918.015632499
0.09481896379275855,4889324.25552738
0.09491898379675935,4403462.862141054
0.09501900380076016,921796.0427070871
0.09511902380476095,2709549.942635495
0.09521904380876176,3244233.859873615
0.09531906381276255,2177862.417074411
0.09541908381676335,323538.2050339257
0.09551910382076416,1109054.4157666678
0.09561912382476495,956642.5295463703
0.09571914382876576,105910.49088728402
0.09581916383276655,3242996.945987702
0.09591918383676735,2213000.9403310483
0.09601920384076815,139508.75316912937
0.09611922384476895,241758.40330143715
0.09621924384876976,632740.4632002006
0.09631926385277055,2673609.8555884515
0.09641928385677136,104757.51739750161
0.09651930386077215,2102961.710910243
0.09661932386477295,1273780.5585869579
0.09671934386877376,5703692.175384078
0.09681936387277455,8747833.90688686
0.09691938387677536,10401793.314621788
0.09701940388077615,11092511.793226114
0.09711942388477696,12093347.225219116
0.09721944388877776,6538327.829286362
0.09731946389277855,1197371.062009269
0.09741948389677936,1743566.5675949664
0.09751950390078015,1646569.2626644978
0.09761952390478096,649033.3806133077
0.09771954390878175,895044.6229585661
0.09781956391278256,2943245.506391761
0.09791958391678336,2474977.81370828
0.09801960392078415,972629.1934357757
0.09811962392478496,1406162.772111351
0.09821964392878575,4212818.438030944
0.09831966393278656,5580252.110528384
0.09841968393678736,443323.8554195017
0.09851970394078816,3066788.1171923596
0.09861972394478896,3219106.328490185
0.09871974394878975,1333080.4223346626
0.09881976395279056,400102.05978465197
0.09891978395679135,1625678.8979849825
0.09901980396079216,102261.72254933423
0.09911982396479296,274080.9036565556
0.09921984396879376,358911.0147854195
0.09931986397279456,415263.6004574627
0.09941988397679535,5352814.814323775
0.09951990398079616,5719837.89364113
0.09961992398479697,305655.3331579689
0.09971994398879776,5678388.5521711465
0.09981996399279856,2667794.588068817
0.09991998399679936,411143.58312191715
0.10002000400080016,981796.9367330368
0.10012002400480097,395936.3848381906
0.10022004400880176,962573.5084485714
0.10032006401280257,6986602.403155796
0.10042008401680336,2550218.9067268996
0.10052010402080416,905681.7688922787
0.10062012402480495,2788958.0348054334
0.10072014402880576,418610.5944784588
0.10082016403280657,1880650.44853919
0.10092018403680736,4881533.731553121
0.10102020404080816,3668091.4364704303
0.10112022404480896,2392629.594048872
0.10122024404880976,904864.987287545
0.10132026405281057,924042.5618635076
0.10142028405681136,1406862.6760513296
0.10152030406081217,195422.87008070137
0.10162032406481296,1171757.3155998592
0.10172034406881376,1736289.787437333
0.10182036407281456,1040856.123021761
0.10192038407681536,84049.64244000433
0.10202040408081617,1428314.02898366
0.10212042408481696,765449.4158183156
0.10222044408881777,136076.36289785302
0.10232046409281856,494635.9155553146
0.10242048409681936,576977.7049224918
0.10252050410082017,3623776.868740597
0.10262052410482096,1190149.2778041905
0.10272054410882177,629460.7440530533
0.10282056411282256,1627041.7445113065
0.10292058411682337,6946819.327338691
0.10302060412082416,4604094.88789095
0.10312062412482496,921071.3805592249
0.10322064412882577,1274822.3020527996
0.10332066413282656,1978951.0002966363
0.10342068413682737,1636372.148379687
0.10352070414082816,611958.7316575021
0.10362072414482897,274770.8149196113
0.10372074414882977,4048148.4490440907
0.10382076415283056,878759.8494469135
0.10392078415683137,1791077.3405874455
0.10402080416083216,2025279.2680370244
0.10412082416483297,1830898.7394724991
0.10422084416883377,3766176.5232499754
0.10432086417283457,12905896.034194047
0.10442088417683537,4496764.61215064
0.10452090418083616,2164167.9645746583
0.10462092418483697,5348695.501151976
0.10472094418883776,990406.0172058106
0.10482096419283857,4632095.868286149
0.10492098419683937,2774024.389180233
0.10502100420084017,138467.4038397277
0.10512102420484097,795586.8429931968
0.10522104420884176,776790.5765228604
0.10532106421284257,2400221.5757883037
0.10542108421684337,10233503.557993034
0.10552110422084417,5453815.080341402
0.10562112422484497,2792579.465825361
0.10572114422884576,997085.4276670859
0.10582116423284657,2337009.355342876
0.10592118423684736,2001236.6733251524
0.10602120424084817,1407193.1550882873
0.10612122424484897,3594623.5459807836
0.10622124424884977,2278658.82970541
0.10632126425285057,2592146.5977809764
0.10642128425685136,1865780.569834656
0.10652130426085217,180713.00898858602
0.10662132426485298,322844.9718129086
0.10672134426885377,495312.24430657056
0.10682136427285457,2301149.873233787
0.10692138427685537,861540.0244273411
0.10702140428085617,402260.9672720429
0.10712142428485698,764772.1437950908
0.10722144428885777,87595.89690041413
0.10732146429285858,2798338.4098386373
0.10742148429685937,6103038.309896284
0.10752150430086017,5637974.578284051
0.10762152430486097,402159.5797968442
0.10772154430886177,2966805.435478205
0.10782156431286258,8021916.772514667
0.10792158431686337,7437359.0479808645
0.10802160432086418,4579690.683213662
0.10812162432486497,396603.50669382664
0.10822164432886577,63833.51662799289
0.10832166433286658,228879.99789192853
0.10842168433686737,777571.7438333172
0.10852170434086818,218467.27525369966
0.10862172434486897,1415413.6679046638
0.10872174434886978,995734.0588501834
0.10882176435287057,3922864.745555005
0.10892178435687137,5092991.55867615
0.10902180436087218,2935254.114872813
0.10912182436487297,1016006.4970017131
0.10922184436887378,441175.05949858343
0.10932186437287457,1106.2403244416812
0.10942188437687538,2281285.4462037315
0.10952190438087618,166882.10230324353
0.10962192438487697,3278934.517318433
0.10972194438887778,2269107.057741183
0.10982196439287857,894346.9914924223
0.10992198439687938,325345.0191064559
0.11002200440088018,380692.5031453158
0.11012202440488097,640545.7850464648
0.11022204440888178,474553.30053368676
0.11032206441288257,1595820.054784428
0.11042208441688338,73580.70857055424
0.11052210442088417,506208.99973461876
0.11062212442488498,3755697.266483991
0.11072214442888578,1254356.1508858337
0.11082216443288657,399425.82449463697
0.11092218443688738,470159.3965252389
0.11102220444088817,5142306.452364114
0.11112222444488898,5502448.864170769
0.11122224444888978,261934.69007541746
0.11132226445289058,753739.5005996147
0.11142228445689138,2957572.654325387
0.11152230446089217,4590894.105048596
0.11162232446489298,735738.6156347241
0.11172234446889377,1289513.0131048455
0.11182236447289458,1390868.3476149235
0.11192238447689538,4574469.814072367
0.11202240448089618,1000028.8671711133
0.11212242448489698,3268563.2600547196
0.11222244448889777,2500995.7686235965
0.11232246449289858,675871.2124836312
0.11242248449689939,509569.0257271704
0.11252250450090018,988258.8685286482
0.11262252450490098,1171003.784898606
0.11272254450890178,196482.40795156593
0.11282256451290258,997966.8327944883
0.11292258451690339,601699.8249901223
0.11302260452090418,2412645.9534010882
0.11312262452490499,1455259.8491422185
0.11322264452890578,522244.8484601923
0.11332266453290658,314028.33241084235
0.11342268453690738,692292.7811518634
0.11352270454090818,1366023.9602814633
0.11362272454490899,698250.6479292393
0.11372274454890978,138706.49023744266
0.11382276455291059,2086432.5642329238
0.11392278455691138,1753538.551178145
0.11402280456091218,1774287.9561743299
0.11412282456491299,2841200.8938353416
0.11422284456891378,2984092.2358762245
0.11432286457291459,2437683.5472317315
0.11442288457691538,2576210.879916369
0.11452290458091618,4527759.317333078
0.11462292458491698,5618466.143527661
0.11472294458891778,2261225.7552784393
0.11482296459291859,1116917.3843714856
0.11492298459691938,474243.8841500704
0.11502300460092019,2519166.2573516453
0.11512302460492098,1586739.1286580497
0.11522304460892178,1004143.1770262902
0.11532306461292259,286132.89284962195
0.11542308461692338,2105288.783576725
0.11552310462092419,1267558.0573530167
0.11562312462492498,58472.945691260575
0.11572314462892579,2833.8164945278468
0.11582316463292658,1799940.0743096443
0.11592318463692738,710292.0213424931
0.11602320464092819,679500.2562738606
0.11612322464492898,1369939.4599046553
0.11622324464892979,6418755.701025041
0.11632326465293058,4846198.402039417
0.11642328465693139,2595766.1299271425
0.11652330466093219,1868277.563466181
0.11662332466493298,385966.3410163326
0.11672334466893379,653462.2493718312
0.11682336467293458,244214.190139186
0.11692338467693539,1977241.2564379931
0.1170234046809362,4405260.6170557905
0.11712342468493699,1931952.0769590777
0.11722344468893779,1787452.5031273924
0.11732346469293858,4139203.0914021456
0.11742348469693939,2944910.4216662985
0.11752350470094018,638337.8249198676
0.11762352470494099,653113.0701108249
0.1177235447089418,3260554.9912883705
0.11782356471294259,1474750.7958723078
0.11792358471694339,1628655.492388484
0.11802360472094418,2118275.4461125634
0.11812362472494499,1918198.3649157453
0.1182236447289458,4134426.302257713
0.11832366473294659,2758194.72554201
0.1184236847369474,2779689.5265001343
0.11852370474094819,9325205.956873743
0.11862372474494899,5857909.00947092
0.11872374474894978,2087125.4447097061
0.11882376475295059,2509677.299335712
0.1189237847569514,4234481.120803608
0.11902380476095219,5383350.762842727
0.11912382476495299,567931.6218299983
0.11922384476895379,2607014.6283195666
0.11932386477295459,5464101.379607979
0.1194238847769554,1799098.9193403705
0.11952390478095619,1298708.4000154822
0.119623924784957,2059299.602751534
0.11972394478895779,1372212.451223209
0.11982396479295859,1408352.278351168
0.1199239847969594,1720620.481916393
0.12002400480096019,4405001.793866349
0.120124024804961,3097821.967996602
0.12022404480896179,574793.748932497
0.1203240648129626,334878.83915326436
0.12042408481696339,3299714.4342238395
0.12052410482096419,5212397.472024307
0.120624124824965,3178104.7101406916
0.12072414482896579,4107812.2621365935
0.1208241648329666,3289492.1373180486
0.12092418483696739,2038470.3448349051
0.1210242048409682,5521201.795418836
0.121124224844969,3757069.031962479
0.12122424484896979,58895.92298438164
0.1213242648529706,2215954.730514883
0.12142428485697139,6278700.804941247
0.1215243048609722,7237388.435571303
0.12162432486497299,1592446.9053722324
0.1217243448689738,880697.8218378936
0.1218243648729746,957868.8483710425
0.12192438487697539,733865.1655209427
0.1220244048809762,858343.9844726054
0.12212442488497699,83591.88106945308
0.1222244448889778,1486131.8779683127
0.1223244648929786,2135799.1614506934
0.1224244848969794,594522.5317539744
0.1225245049009802,1024113.9925922047
0.12262452490498099,3656493.4135206025
0.1227245449089818,2637967.7769481004
0.1228245649129826,2622441.901577614
0.1229245849169834,2702005.128685523
0.1230246049209842,1880594.5192943867
0.123124624924985,487726.5096409266
0.1232246449289858,237707.42740673895
0.12332466493298659,526373.1814677541
0.1234246849369874,659871.0269250558
0.1235247049409882,3626575.322699685
0.123624724944989,4354353.227389663
0.1237247449489898,5156983.805820173
0.12382476495299059,872866.6818793197
0.1239247849569914,2070679.49621194
0.1240248049609922,2097630.8276829957
0.124124824964993,3000055.206631287
0.1242248449689938,2016970.2494405124
0.1243248649729946,465311.5610280589
0.1244248849769954,2683909.1149129467
0.12452490498099619,2706036.769146496
0.124624924984997,1100470.8855676888
0.1247249449889978,1277321.7501658273
0.1248249649929986,615525.9558191374
0.1249249849969994,1786472.5210726578
0.1250250050010002,2870380.6065312116
0.125125025005001,225499.3972945119
0.1252250450090018,2331941.1189271137
0.1253250650130026,527625.9873836163
0.1254250850170034,259135.10284238626
0.1255251050210042,847724.2960996163
0.125625125025005,1078134.785959554
0.1257251450290058,2589956.1820645505
0.12582516503300661,8392563.516703775
0.1259251850370074,2108039.719710187
0.1260252050410082,22143.513932509573
0.126125225045009,1572392.6063782466
0.1262252450490098,5470185.853399767
0.12632526505301062,3930992.1450325674
0.1264252850570114,908284.7585784659
0.1265253050610122,1470346.8385315486
0.126625325065013,493667.2650645467
0.1267253450690138,5845241.896860082
0.1268253650730146,8911047.556614302
0.1269253850770154,713818.3898035723
0.1270254050810162,489578.46764549776
0.127125425085017,1776135.9605357589
0.1272254450890178,8980987.110784182
0.1273254650930186,13773756.79133395
0.1274254850970194,4320969.713150458
0.1275255051010202,884755.8815825273
0.127625525105021,1964768.9678344901
0.12772554510902182,1332204.90980504
0.1278255651130226,1479282.7488601017
0.1279255851170234,115051.24599834421
0.1280256051210242,697409.9197130403
0.128125625125025,1079197.5802634398
0.12822564512902582,5314507.186525207
0.1283256651330266,164589.72861773567
0.1284256851370274,5422253.292733368
0.1285257051410282,1247655.7271534586
0.128625725145029,2160421.7735668775
0.12872574514902982,5289456.811583118
0.1288257651530306,421446.9134616379
0.1289257851570314,4906599.284219782
0.1290258051610322,8567165.503128422
0.12912582516503301,6167907.853009951
0.12922584516903382,2002443.943809095
0.1293258651730346,2084425.7759503284
0.1294258851770354,3468743.9064273923
0.1295259051810362,1378012.3468650407
0.12962592518503702,1258469.5725353137
0.1297259451890378,1031450.6759016667
0.1298259651930386,1216762.1305203286
0.1299259851970394,3372876.727216554
0.1300260052010402,149571.7824325875
0.13012602520504102,3458795.5561273983
0.1302260452090418,4783128.831308718
0.1303260652130426,1540996.5178604394
0.1304260852170434,7628199.031516995
0.13052610522104421,1450132.8311156281
0.13062612522504502,2292619.093738813
0.1307261452290458,1784762.2882744016
0.1308261652330466,707094.3012979766
0.1309261852370474,107619.57140597471
0.13102620524104822,3282896.2737465054
0.13112622524504902,2878161.31551642
0.1312262452490498,585085.2976009648
0.1313262652530506,1333433.807427087
0.1314262852570514,822937.8921410412
0.13152630526105222,542503.6114413105
0.13162632526505302,1905999.6788084547
0.1317263452690538,1569615.284119011
0.1318263652730546,3304228.5531606786
0.1319263852770554,8848767.667216277
0.13202640528105622,3720694.006256387
0.132126425285057,2495509.8519916763
0.1322264452890578,3415907.826914501
0.1323264652930586,7497982.650401992
0.13242648529705942,11922013.28154323
0.13252650530106022,4653555.951470617
0.132626525305061,2123043.5601796666
0.1327265453090618,5659462.999477592
0.1328265653130626,1668171.6323371013
0.13292658531706342,197585.59542621113
0.13302660532106422,75871.5577757179
0.133126625325065,717398.8535097111
0.1332266453290658,1236981.0697603528
0.1333266653330666,755039.2951176632
0.13342668533706742,2480474.2239253954
0.13352670534106822,1839824.4396367855
0.133626725345069,2616240.8055137126
0.1337267453490698,6053916.774159432
0.13382676535307061,3036520.0836836165
0.13392678535707142,1200282.3368096938
0.13402680536107223,2213478.00432323
0.134126825365073,2800922.339759227
0.1342268453690738,1323333.8511412423
0.13432686537307462,1777711.3016400614
0.13442688537707542,918889.5401922408
0.13452690538107623,283386.68393510545
0.134626925385077,59516.87229374344
0.1347269453890778,2077584.1016513847
0.13482696539307862,4885795.914122241
0.13492698539707942,5454700.887941999
0.1350270054010802,8077785.669143816
0.135127025405081,2019987.8622094863
0.13522704540908181,508670.2489368816
0.13532706541308262,2066101.445516077
0.13542708541708343,2847427.5524653695
0.1355271054210842,917935.5414565192
0.135627125425085,4447489.594717991
0.13572714542908582,10163153.196011351
0.13582716543308662,4560936.320490321
0.13592718543708743,1279476.4509849008
0.1360272054410882,1693855.1376494218
0.136127225445089,1779289.4347457308
0.13622724544908982,2856692.347834278
0.13632726545309062,5315014.641117701
0.13642728545709143,474151.4316225872
0.1365273054610922,1267648.0048682948
0.136627325465093,2613498.123069336
0.13672734546909382,4358334.267425641
0.13682736547309463,924116.1431308424
0.13692738547709543,1289226.891386787
0.1370274054810962,1485634.9604158145
0.13712742548509702,2066592.91399747
0.13722744548909782,4146511.818914811
0.13732746549309863,991430.191813266
0.13742748549709943,331420.0388096838
0.1375275055011002,3634748.587625863
0.13762752550510102,4151500.7444419814
0.13772754550910182,4081891.6988068605
0.13782756551310263,9258743.089166973
0.1379275855171034,5390062.196124869
0.1380276055211042,753489.653833438
0.13812762552510502,6181875.055043298
0.13822764552910582,6256945.767842908
0.13832766553310663,581204.9146502512
0.1384276855371074,4590451.358854624
0.13852770554110821,1235094.3543615195
0.13862772554510902,2000581.7912529102
0.13872774554910983,6571656.844759159
0.13882776555311063,6293245.635388787
0.1389277855571114,926211.420591746
0.13902780556111222,1110479.3368439681
0.13912782556511302,724231.3346500985
0.13922784556911383,1269888.952195971
0.13932786557311463,4101366.7768743173
0.1394278855771154,8893038.461096214
0.13952790558111622,6929834.973407259
0.13962792558511702,2745269.1866974537
0.13972794558911783,2097909.4001721907
0.13982796559311864,594601.7447119125
0.13992798559711941,3203765.1289342213
0.14002800560112022,1773333.6327629252
0.14012802560512103,35952.8161648597
0.14022804560912183,90602.82232908135
0.14032806561312264,2872546.582761659
0.14042808561712342,7461654.943975695
0.14052810562112422,1483003.9907682464
0.14062812562512503,113141.35380755395
0.14072814562912583,3036915.2781072995
0.1408281656331266,6296165.323438307
0.14092818563712742,1357474.1515004234
0.14102820564112822,326503.44468106085
0.14112822564512903,114141.8940001133
0.14122824564912984,477249.2762178652
0.1413282656531306,747267.0293072371
0.14142828565713142,4176042.4634821806
0.14152830566113223,7490930.45031751
0.14162832566513303,2045060.2688970251
0.14172834566913384,96945.33202912248
0.14182836567313462,1810240.6292243442
0.14192838567713542,5814675.259200194
0.14202840568113623,5123153.799932102
0.14212842568513703,3028144.0328585077
0.14222844568913784,1099272.4468766744
0.14232846569313862,390947.4485338884
0.14242848569713942,278161.29266419646
0.14252850570114023,1400706.907639271
0.14262852570514103,1625274.2979206156
0.14272854570914184,931481.8728012941
0.14282856571314262,403147.6383289463
0.14292858571714342,361350.4598652818
0.14302860572114423,2050715.0596134602
0.14312862572514504,402437.7598089757
0.14322864572914584,125343.50048867462
0.14332866573314662,369747.76998115564
0.14342868573714743,2886773.4790979717
0.14352870574114823,2393259.510918437
0.14362872574514904,311317.65673655237
0.14372874574914982,600728.0514418625
0.14382876575315062,5528147.022052971
0.14392878575715143,6005708.290546399
0.14402880576115223,522057.3368019701
0.14412882576515304,10514.342169615582
0.14422884576915382,73704.05663934679
0.14432886577315462,476177.37692236126
0.14442888577715543,1973733.2539936085
0.14452890578115624,3268165.108544806
0.14462892578515704,1434528.7856818496
0.14472894578915782,207105.58153049042
0.14482896579315863,2834847.920162451
0.14492898579715943,4097060.182972333
0.14502900580116024,1640492.3997867312
0.14512902580516104,2565332.72954241
0.14522904580916182,2373135.006241476
0.14532906581316263,952266.4775380783
0.14542908581716343,964290.5692550378
0.14552910582116424,2026.5546782894296
0.14562912582516505,151754.32532859602
0.14572914582916582,1488018.3061056659
0.14582916583316663,5964952.346996409
0.14592918583716744,4788741.005277823
0.14602920584116824,1037992.6040664429
0.14612922584516905,2905989.367970285
0.14622924584916983,2690028.2731883167
0.14632926585317063,3541393.555652239
0.14642928585717144,1928953.932462998
0.14652930586117224,1438224.4450176377
0.14662932586517302,2298748.8978388747
0.14672934586917383,343902.24310455535
0.14682936587317463,4113791.5963366563
0.14692938587717544,3750525.5510424967
0.14702940588117624,1042099.1983235197
0.14712942588517702,574127.8691380613
0.14722944588917783,304152.259348809
0.14732946589317863,1461022.59208054
0.14742948589717944,830938.5405420375
0.14752950590118025,3136227.2972179623
0.14762952590518102,13659501.286565084
0.14772954590918183,2576719.6229189252
0.14782956591318264,3164173.665764278
0.14792958591718344,6515067.237244202
0.14802960592118425,4166113.593020157
0.14812962592518503,518064.8454693927
0.14822964592918583,3251398.432399108
0.14832966593318664,1824167.8525809008
0.14842968593718744,5731882.490404854
0.14852970594118825,1851704.3625281565
0.14862972594518903,140444.68662633753
0.14872974594918983,1269683.5344003197
0.14882976595319064,3847148.3731278535
0.14892978595719145,862286.9839781569
0.14902980596119225,1229400.53651677
0.14912982596519303,21328.354518529784
0.14922984596919384,1915486.5368195581
0.14932986597319464,2441276.50236339
0.14942988597719545,2130373.8561882945
0.14952990598119623,2195602.6972743366
0.14962992598519703,761968.2893381629
0.14972994598919784,23693.94370457868
0.14982996599319864,488318.7945241452
0.14992998599719945,3531990.6061852854
0.15003000600120023,6959777.531162307
0.15013002600520103,7513067.44856317
0.15023004600920184,3250964.036368558
0.15033006601320265,163332.04059257207
0.15043008601720345,603763.0053363787
0.15053010602120423,597267.1296998034
0.15063012602520504,480548.4825922966
0.15073014602920584,219808.48750314562
0.15083016603320665,149752.9220691245
0.15093018603720745,566241.8920544686
0.15103020604120823,3301439.199754385
0.15113022604520904,7064706.553932733
0.15123024604920984,3821252.7141284016
0.15133026605321065,517253.5955373726
0.15143028605721146,258306.49197622263
0.15153030606121223,3706643.541710947
0.15163032606521304,4958451.188289886
0.15173034606921385,6342139.019568672
0.15183036607321465,2210440.1224819296
0.15193038607721546,1632185.2670814323
0.15203040608121624,1398421.4876504778
0.15213042608521704,6039808.235673088
0.15223044608921785,354448.9833446109
0.15233046609321865,1031316.5791388643
0.15243048609721943,685400.0366957495
0.15253050610122024,1263271.1710628544
0.15263052610522104,499861.4787214793
0.15273054610922185,634216.6308609061
0.15283056611322265,1709860.1399463397
0.15293058611722343,1693989.8323603848
0.15303060612122424,846181.2505800527
0.15313062612522504,1087150.342262113
0.15323064612922585,2643273.541521907
0.15333066613322666,3013615.6143931383
0.15343068613722743,1020281.6703918788
0.15353070614122824,1016598.1173764416
0.15363072614522905,516653.980081475
0.15373074614922985,5682424.976957217
0.15383076615323066,2315044.2252333667
0.15393078615723144,316436.73523640377
0.15403080616123224,2974496.000293654
0.15413082616523305,2082940.4392394493
0.15423084616923385,456836.2639428117
0.15433086617323466,637351.3154412163
0.15443088617723544,536346.9119466762
0.15453090618123624,1449997.7204714094
0.15463092618523705,2902581.140415493
0.15473094618923786,3969268.458404118
0.15483096619323863,1912547.250692132
0.15493098619723944,773662.4031977425
0.15503100620124025,849832.1562223987
0.15513102620524105,2951141.7307751672
0.15523104620924186,2189346.3846197454
0.15533106621324264,892724.9900389276
0.15543108621724344,1870511.6620419244
0.15553110622124425,2411432.1169598405
0.15563112622524505,1343416.2681991863
0.15573114622924586,261889.3837771863
0.15583116623324664,713011.4743183528
0.15593118623724744,1296780.812304002
0.15603120624124825,4292080.72638404
0.15613122624524906,6604314.188784644
0.15623124624924986,9448862.638302604
0.15633126625325064,5000053.863874607
0.15643128625725145,338406.1157257783
0.15653130626125225,487094.0541055561
0.15663132626525306,1175367.9649161906
0.15673134626925386,3701848.0981383407
0.15683136627325464,3447738.7514055828
0.15693138627725545,25571.07413675986
0.15703140628125625,2693826.339592192
0.15713142628525706,2183951.1296689822
0.15723144628925786,1115830.5013172196
0.15733146629325864,5576981.581062847
0.15743148629725945,4929068.632105371
0.15753150630126025,5547656.412475425
0.15763152630526106,2983484.4716567555
0.15773154630926184,583833.6911323983
0.15783156631326264,361391.73492084816
0.15793158631726345,499811.7961402225
0.15803160632126426,364141.5436110958
0.15813162632526506,350440.3415405129
0.15823164632926584,1285750.5785212365
0.15833166633326665,386062.0554730246
0.15843168633726745,478496.8009755523
0.15853170634126826,368874.33244349965
0.15863172634526906,51833.28968068508
0.15873174634926984,639775.7792891852
0.15883176635327065,1804968.945986389
0.15893178635727145,4968430.181532387
0.15903180636127226,5107193.479142078
0.15913182636527307,2566711.2402458154
0.15923184636927384,613042.5984058249
0.15933186637327465,156929.66361763788
0.15943188637727546,2542388.6517544016
0.15953190638127626,1102020.6022697757
0.15963192638527707,3485903.7585876957
0.15973194638927785,8598514.669707894
0.15983196639327865,3330898.0011397866
0.15993198639727946,1227475.2527290247
0.16003200640128026,1871794.119923131
0.16013202640528107,4935796.219470238
0.16023204640928185,2682240.0161081213
0.16033206641328265,2536053.483708858
0.16043208641728346,4598540.433045469
0.16053210642128427,1910625.6398002545
0.16063212642528504,704187.5756979479
0.16073214642928585,430260.2452595016
0.16083216643328666,1611405.509113177
0.16093218643728746,2637980.277704113
0.16103220644128827,7208706.103162484
0.16113222644528905,2726006.5738721057
0.16123224644928985,82231.56858218698
0.16133226645329066,614003.1394928821
0.16143228645729146,1312465.2184256092
0.16153230646129227,247694.89040598867
0.16163232646529305,3924373.192233782
0.16173234646929385,2088660.0163912184
0.16183236647329466,225170.1369077148
0.16193238647729546,1159883.0930002036
0.16203240648129627,6240111.679968951
0.16213242648529705,9424396.82243811
0.16223244648929785,3530190.9941340024
0.16233246649329866,280055.5883390244
0.16243248649729947,4626888.714071112
0.16253250650130027,3417410.2155796587
0.16263252650530105,614804.7048619826
0.16273254650930186,4287120.80199705
0.16283256651330266,6328095.640330745
0.16293258651730347,599962.7112520352
0.16303260652130427,3311970.335022461
0.16313262652530505,916656.2380469546
0.16323264652930586,3503461.5184640884
0.16333266653330666,3662925.75105117
0.16343268653730747,3464504.1434197044
0.16353270654130825,5232477.5259476425
0.16363272654530905,5737165.819853324
0.16373274654930986,2319110.578690188
0.16383276655331067,125599.99457989026
0.16393278655731147,1095635.1156648474
0.16403280656131225,2577402.7365702465
0.16413282656531306,1847964.377322344
0.16423284656931386,95540.70871999528
0.16433286657331467,1945276.683254928
0.16443288657731547,7857557.128990298
0.16453290658131625,5083569.624844465
0.16463292658531706,1436580.6433015557
0.16473294658931786,918011.490212556
0.16483296659331867,1185404.5148961423
0.16493298659731948,4057376.3036034107
0.16503300660132025,4249385.954807308
0.16513302660532106,5296263.396171752
0.16523304660932187,1434079.5862900668
0.16533306661332267,109490.22569711329
0.16543308661732348,1721217.0056539034
0.16553310662132426,335234.30966363545
0.16563312662532506,856968.4869080294
0.16573314662932587,2063121.216334677
0.16583316663332667,4548855.819328337
0.16593318663732748,1115440.8999000695
0.16603320664132826,1511949.5060838347
0.16613322664532906,2009193.108972575
0.16623324664932987,1803957.5293959961
0.16633326665333067,3843265.9504638356
0.16643328665733145,8233071.468605341
0.16653330666133226,5700204.806632816
0.16663332666533306,2642236.246453913
0.16673334666933387,5846248.193473151
0.16683336667333468,4611749.441243674
0.16693338667733545,703901.5897607406
0.16703340668133626,12105.584748809948
0.16713342668533707,574617.4766495362
0.16723344668933787,4491135.413375436
0.16733346669333868,6465577.735425558
0.16743348669733946,1692529.0186631698
0.16753350670134026,14005.906360289579
0.16763352670534107,1505674.450927269
0.16773354670934187,1827571.2573614668
0.16783356671334268,605535.8584894558
0.16793358671734346,92458.07107917858
0.16803360672134426,52508.21714902683
0.16813362672534507,1590963.5666978497
0.16823364672934588,5174772.454223732
0.16833366673334668,1587886.7868039808
0.16843368673734746,1385435.3299187159
0.16853370674134827,2771852.658907893
0.16863372674534907,566210.6494686835
0.16873374674934988,3818730.8513829224
0.16883376675335068,3908693.8763272073
0.16893378675735146,1446223.6760923837
0.16903380676135227,185806.76548956786
0.16913382676535307,1044346.1136346109
0.16923384676935388,1879526.5651560505
0.16933386677335466,1142765.7724839703
0.16943388677735546,1143912.7134297672
0.16953390678135627,4945379.179145225
0.16963392678535708,3962389.6468052696
0.16973394678935788,2229946.894316291
0.16983396679335866,2561172.7799082315
0.16993398679735947,3780635.3093492202
0.17003400680136027,5346533.669029951
0.17013402680536108,1878152.595074135
0.17023404680936188,3361376.737725634
0.17033406681336266,1220866.2928383378
0.17043408681736347,2403537.752115052
0.17053410682136427,1454984.7754419644
0.17063412682536508,1674956.0660606846
0.17073414682936588,219309.37060856755
0.17083416683336666,384421.81985660316
0.17093418683736747,1864408.4096749641
0.17103420684136827,13142930.02939694
0.17113422684536908,10368124.771537805
0.1712342468493699,2020365.4492106244
0.17133426685337066,887865.7438739818
0.17143428685737147,5325795.485617189
0.17153430686137228,5604318.157823477
0.17163432686537308,3145901.3429900133
0.1717343468693739,533311.1065221037
0.17183436687337467,358487.4923464085
0.17193438687737547,471717.095175388
0.17203440688137628,2212545.500957127
0.17213442688537708,3620520.884336022
0.17223444688937786,542922.5883793721
0.17233446689337867,624284.7288310988
0.17243448689737947,248098.98986175805
0.17253450690138028,3626028.283874796
0.17263452690538109,4276501.8707832275
0.17273454690938186,2341622.7223763024
0.17283456691338267,1130005.4320680203
0.17293458691738348,5135395.895034713
0.17303460692138428,4397352.976796346
0.1731346269253851,304216.0159405058
0.17323464692938587,1082804.6473488887
0.17333466693338667,425226.35777991934
0.17343468693738748,1694623.1355084002
0.17353470694138828,2845239.0885735815
0.1736347269453891,912596.5222365509
0.17373474694938987,533220.2182900738
0.17383476695339067,810923.028760559
0.17393478695739148,3762371.5092999646
0.17403480696139229,2467138.8256442617
0.1741348269653931,2438589.4640307007
0.17423484696939387,781752.2141349618
0.17433486697339468,474430.3999233461
0.17443488697739548,1108648.541186295
0.1745349069813963,1726298.3776031453
0.1746349269853971,2917635.5524504813
0.17473494698939787,2110028.296176367
0.17483496699339868,1413448.8813891883
0.17493498699739948,2033705.308718438
0.1750350070014003,3899859.140014355
0.17513502700540107,3001987.762479362
0.17523504700940187,3111556.982172311
0.17533506701340268,888272.8333717486
0.17543508701740348,937512.9383456791
0.1755351070214043,31789.34514196535
0.17563512702540507,364380.5448598395
0.17573514702940587,1531287.8702915472
0.17583516703340668,1288848.027392754
0.1759351870374075,3557898.345122633
0.1760352070414083,1136004.4994499201
0.17613522704540907,5172265.67154227
0.17623524704940988,2918750.8913340466
0.17633526705341068,700582.5088708323
0.1764352870574115,75032.6886822091
0.1765353070614123,120919.82433228685
0.17663532706541307,559180.8951464017
0.17673534706941388,1266437.1701089097
0.17683536707341468,520656.44068169757
0.1769353870774155,342345.1049811392
0.1770354070814163,2167542.5760766985
0.17713542708541707,4863481.343063089
0.17723544708941788,4609134.881568791
0.17733546709341869,4220183.483852721
0.1774354870974195,4729607.726455168
0.1775355071014203,2154136.463733141
0.17763552710542108,1291618.0251817862
0.17773554710942188,2840882.2067646976
0.1778355671134227,90926.76914883693
0.1779355871174235,553371.3035883547
0.17803560712142427,4477009.543565801
0.17813562712542508,9125866.232153738
0.17823564712942588,8959615.935732262
0.1783356671334267,2784426.4770186017
0.1784356871374275,9018374.278669631
0.17853570714142827,7770282.639090623
0.17863572714542908,138683.4418706001
0.17873574714942989,2855708.667842742
0.1788357671534307,3533600.8219659925
0.1789357871574315,6159739.074563563
0.17903580716143228,3971723.524174554
0.17913582716543308,1380876.4899393683
0.1792358471694339,3907009.2330062855
0.1793358671734347,7029655.612726156
0.1794358871774355,4801096.887445204
0.17953590718143628,2227303.737647788
0.17963592718543708,509509.72010847
0.1797359471894379,1039976.790972071
0.1798359671934387,762551.5812180776
0.1799359871974395,672964.5459749893
0.18003600720144028,4135753.2190011255
0.18013602720544108,9895909.494515114
0.1802360472094419,231229.3975231147
0.1803360672134427,1801378.0698944167
0.18043608721744347,1547789.4369781024
0.18053610722144428,7161826.515971078
0.1806361272254451,4988319.779741968
0.1807361472294459,44705.17904015404
0.1808361672334467,545456.6562256719
0.18093618723744748,9285.253127449125
0.18103620724144828,469883.12034940295
0.1811362272454491,5750259.653056177
0.1812362472494499,7490379.358784911
0.1813362672534507,701449.6337269729
0.18143628725745148,654712.1678135771
0.18153630726145228,1475383.8310386827
0.1816363272654531,2091744.62461326
0.1817363472694539,1134169.3813634191
0.1818363672734547,2580537.495704747
0.18193638727745548,2307126.111230823
0.1820364072814563,713318.9836032303
0.1821364272854571,1118444.847667336
0.1822364472894579,46823.39045856953
0.1823364672934587,905639.3742354256
0.18243648729745948,470350.7508645827
0.1825365073014603,170186.5299321191
0.1826365273054611,390127.4978087538
0.1827365473094619,2760642.296726071
0.1828365673134627,6236527.879839003
0.18293658731746348,6180343.549177812
0.1830366073214643,2657198.528084999
0.1831366273254651,950635.6584785457
0.1832366473294659,1101463.6748394107
0.18333666733346668,4827708.272833747
0.18343668733746749,5080664.088828553
0.1835367073414683,1595026.6486788779
0.1836367273454691,1661756.8192283425
0.1837367473494699,1336217.8425306787
0.18383676735347068,807721.8362805616
0.1839367873574715,3522252.36251106
0.1840368073614723,8266090.731710912
0.1841368273654731,6724476.290870912
0.1842368473694739,3031594.146516323
0.18433686737347468,477476.4563911309
0.1844368873774755,782233.328349538
0.1845369073814763,7442890.595506777
0.1846369273854771,6026354.235229772
0.1847369473894779,3016318.7592941658
0.18483696739347868,2818108.506010911
0.1849369873974795,1164268.7955038655
0.1850370074014803,1061518.981971429
0.1851370274054811,3929936.6848049373
0.1852370474094819,2571754.327009157
0.1853370674134827,379026.6489054936
0.1854370874174835,1449031.4047054902
0.1855371074214843,5533726.054220032
0.1856371274254851,1472498.250109034
0.1857371474294859,7226.7445788563555
0.1858371674334867,687762.1220651697
0.1859371874374875,7438840.334031427
0.1860372074414883,12462650.54543955
0.1861372274454891,3928329.2222725432
0.18623724744948988,5168917.409261186
0.1863372674534907,3072880.756967853
0.1864372874574915,3233449.578313794
0.1865373074614923,921406.4725455046
0.1866373274654931,94439.60030613297
0.1867373474694939,96767.14888820762
0.1868373674734947,362043.86442231084
0.1869373874774955,531855.3680075122
0.1870374074814963,919950.5152749929
0.1871374274854971,1762217.5285472262
0.1872374474894979,1385622.1229620972
0.1873374674934987,5192857.822871011
0.1874374874974995,5469050.887927261
0.1875375075015003,1711884.2341890142
0.1876375275055011,2438082.2074444303
0.1877375475095019,1521858.9976576394
0.1878375675135027,2280471.5988463634
0.1879375875175035,3046221.868013464
0.1880376075215043,5675709.465660298
0.1881376275255051,5890670.173565297
0.1882376475295059,2224928.766875759
0.1883376675335067,2990329.3037496093
0.1884376875375075,594855.6110678402
0.1885377075415083,1237396.0069630533
0.18863772754550912,1435982.8396190933
0.1887377475495099,416568.1823258293
0.1888377675535107,671872.1459883926
0.1889377875575115,1151473.238584201
0.1890378075615123,2566760.79943699
0.1891378275655131,993265.5963674512
0.1892378475695139,2704726.0667111087
0.1893378675735147,1632383.4907020277
0.1894378875775155,343820.3271074249
0.1895379075815163,1207330.7022960125
0.1896379275855171,920240.9062442783
0.1897379475895179,970579.0573517916
0.1898379675935187,6242927.057627494
0.1899379875975195,5946623.72290026
0.19003800760152031,1913056.7314618106
0.1901380276055211,1961761.5392091253
0.1902380476095219,2129917.537648332
0.1903380676135227,148087.02369695358
0.1904380876175235,1384816.847792123
0.19053810762152432,515695.77347646246
0.1906381276255251,32190.679928480746
0.1907381476295259,738552.4783738723
0.1908381676335267,496091.314533485
0.1909381876375275,1680944.0032126578
0.19103820764152832,6380511.636080384
0.1911382276455291,1635459.3030432907
0.1912382476495299,451702.64728156704
0.1913382676535307,211195.2381072119
0.19143828765753151,688300.5486455986
0.19153830766153232,4077898.108846476
0.1916383276655331,2565529.111827286
0.1917383476695339,886702.3586248909
0.1918383676735347,770422.9928343811
0.19193838767753552,3974636.3879960948
0.1920384076815363,455290.539587575
0.1921384276855371,5162008.2500876365
0.1922384476895379,5667214.253470376
0.1923384676935387,1198469.8143085663
0.19243848769753952,1905325.1375750853
0.1925385077015403,222166.48251315698
0.1926385277055411,1047317.9511614268
0.1927385477095419,4035299.2846901207
0.1928385677135427,2365227.479353316
0.19293858771754352,1163499.5858562337
0.1930386077215443,5020004.287448304
0.1931386277255451,4416964.085037595
0.1932386477295459,3873739.6993985595
0.19333866773354672,4084281.879025692
0.19343868773754752,4676685.84242832
0.1935387077415483,1604254.3402795785
0.1936387277455491,3096179.9871035093
0.1937387477495499,6055200.077239836
0.19383876775355072,2184000.4798554527
0.19393878775755152,346893.33097039274
0.1940388077615523,1230531.1024060764
0.1941388277655531,4070818.4100575834
0.1942388477695539,1192992.6507492051
0.19433886777355472,8662697.65311599
0.19443888777755552,4732616.535963361
0.1945389077815563,673063.0793770915
0.1946389277855571,4278972.794974337
0.19473894778955791,2323745.2955909017
0.19483896779355872,1200339.350833464
0.1949389877975595,2222835.651820203
0.1950390078015603,6073217.864302693
0.1951390278055611,5028659.322233286
0.19523904780956192,2030549.1696294313
0.19533906781356272,3523917.1288506044
0.1954390878175635,2273608.3095629564
0.1955391078215643,957566.1560828704
0.1956391278255651,2254637.648277564
0.19573914782956592,8416649.139430635
0.19583916783356672,5205045.775753888
0.1959391878375675,4494995.445143171
0.1960392078415683,6099522.587680331
0.19613922784556911,3067279.8384790705
0.19623924784956992,129365.75033937494
0.19633926785357073,1362414.6358119478
0.1964392878575715,791038.060237663
0.1965393078615723,317280.0286293594
0.19663932786557312,5694494.407282368
0.19673934786957392,6375552.2766335765
0.19683936787357473,213987.6564514375
0.1969393878775755,124441.80273764148
0.1970394078815763,1210716.0685378741
0.19713942788557712,411327.8309427405
0.19723944788957792,571346.6045604356
0.19733946789357873,1448479.0659259232
0.1974394878975795,2396621.998531219
0.1975395079015803,232484.0310976614
0.19763952790558112,412230.24760274333
0.19773954790958193,4893986.957133676
0.1978395679135827,3857287.4108324843
0.1979395879175835,2764057.067372518
0.19803960792158432,7323214.669369391
0.19813962792558512,2799216.4491571165
0.19823964792958593,1111925.3550753607
0.1983396679335867,2981500.8804708407
0.1984396879375875,68490.23262724339
0.19853970794158832,311346.54576788016
0.19863972794558912,509530.2993579348
0.19873974794958993,1202926.029945864
0.1988397679535907,10160328.852846876
0.1989397879575915,5798786.866495266
0.19903980796159232,234688.08187133982
0.19913982796559312,4559106.716542624
0.19923984796959393,2688856.865719111
0.1993398679735947,224646.7405287447
0.19943988797759551,166209.11238949836
0.19953990798159632,1237673.8939210523
0.19963992798559713,2249161.313784058
0.19973994798959793,1503454.6374676742
0.1998399679935987,1085109.4973279412
0.19993998799759952,3365017.9555533864
0.20004000800160032,8820349.297605567
0.20014002800560113,5029138.223442431
0.20024004800960193,29253.366681873813
0.2003400680136027,975800.1245791083
0.20044008801760352,407303.5860807393
0.20054010802160432,279926.06936341873
0.20064012802560513,1401419.3753486513
0.2007401480296059,4018020.3116909405
0.20084016803360671,5817391.3962722095
0.20094018803760752,4436636.6123896325
0.20104020804160833,2582395.5721939937
0.20114022804560913,486384.8776403356
0.2012402480496099,2484065.329158202
0.20134026805361072,2963340.0503134583
0.20144028805761152,1018057.7305669952
0.20154030806161233,675448.5128384535
0.20164032806561313,771379.7856341507
0.2017403480696139,2145901.037080746
0.20184036807361472,3079923.047042648
0.20194038807761552,1417556.75873933
0.20204040808161633,3743256.955309957
0.20214042808561714,5156009.495884545
0.2022404480896179,2069603.0038042641
0.20234046809361872,1669412.2206239493
0.20244048809761953,1032065.2657802698
0.20254050810162033,4899304.27804426
0.20264052810562114,11294134.164585771
0.20274054810962192,3818073.6810549167
0.20284056811362272,653415.3534743658
0.20294058811762353,1772934.8645385103
0.20304060812162433,1054815.968345151
0.2031406281256251,3909763.274391359
0.20324064812962592,894656.8699159855
0.20334066813362672,2051021.7432604576
0.20344068813762753,4119422.8562389007
0.20354070814162833,2421332.613598049
0.2036407281456291,290533.0138794023
0.20374074814962992,3681289.7335471273
0.20384076815363072,6022738.536265162
0.20394078815763153,1476017.896500065
0.20404080816163234,789556.5704528013
0.20414082816563311,31659.125099492172
0.20424084816963392,197189.38499875084
0.20434086817363473,754980.0756472012
0.20444088817763553,5192657.003437887
0.20454090818163634,4367356.8456003945
0.20464092818563712,1141796.1700411884
0.20474094818963792,896287.2318982969
0.20484096819363873,3011519.8083267813
0.20494098819763953,5821265.064524354
0.20504100820164034,5720017.157130857
0.20514102820564112,6838208.839858579
0.20524104820964192,1620644.9173578322
0.20534106821364273,84523.96892549683
0.20544108821764354,184202.9547154267
0.20554110822164434,14160.309578401875
0.20564112822564512,954876.6192819948
0.20574114822964593,5732085.549380499
0.20584116823364673,5032976.879872408
0.20594118823764754,2871473.6311882124
0.20604120824164832,3268214.832200001
0.20614122824564912,3934304.9251629645
0.20624124824964993,2033623.0998758965
0.20634126825365073,2003061.1572088266
0.20644128825765154,7752698.206818129
0.20654130826165232,7605973.501219578
0.20664132826565312,910941.6477234096
0.20674134826965393,2020800.2282903409
0.20684136827365474,3695614.3134634793
0.20694138827765554,2024111.479856475
0.20704140828165632,119254.68002649341
0.20714142828565713,1240597.7047038518
0.20724144828965793,2008956.8890030691
0.20734146829365874,676128.719434638
0.20744148829765954,463288.733009664
0.20754150830166032,282189.49273759534
0.20764152830566113,1285220.0647841948
0.20774154830966193,4769273.921243031
0.20784156831366274,5177555.70042257
0.20794158831766354,1241339.4632928628
0.20804160832166432,2578684.6620025495
0.20814162832566513,266751.15289237426
0.20824164832966593,3092699.9092580937
0.20834166833366674,5160150.770442382
0.20844168833766755,2311487.968425737
0.20854170834166832,728182.5625051735
0.20864172834566913,1381832.89998195
0.20874174834966994,5110372.362659175
0.20884176835367074,1404974.2198668763
0.20894178835767152,1880580.094354751
0.20904180836167233,7409696.513825049
0.20914182836567313,1783877.3170028892
0.20924184836967394,214392.35496956532
0.20934186837367474,2071751.1503266257
0.20944188837767552,7546017.287851071
0.20954190838167633,3309327.729416927
0.20964192838567713,4814494.110311943
0.20974194838967794,5063204.331186467
0.20984196839367875,471468.6785600007
0.20994198839767952,2100275.040104625
0.21004200840168033,1370126.309329908
0.21014202840568114,151847.06718045785
0.21024204840968194,896639.8695510265
0.21034206841368275,1717259.669623713
0.21044208841768353,6040346.896205512
0.21054210842168433,2906779.8822173197
0.21064212842568514,487014.9223064099
0.21074214842968594,585218.8840849482
0.21084216843368675,388615.95688207
0.21094218843768753,2174538.8620822798
0.21104220844168833,822359.2948463582
0.21114222844568914,440200.9135582133
0.21124224844968995,568455.9712433347
0.21134226845369075,668821.590547879
0.21144228845769153,1987482.915336067
0.21154230846169234,4543658.944254641
0.21164232846569314,13625234.262752179
0.21174234846969395,5157594.342643835
0.21184236847369473,836562.0710429102
0.21194238847769553,8045.271856383745
0.21204240848169634,1315759.9425173085
0.21214242848569714,402560.90851956815
0.21224244848969795,1123056.1663824117
0.21234246849369873,61175.2045413855
0.21244248849769953,2694861.8874006392
0.21254250850170034,1477612.289964226
0.21264252850570114,1585600.069709382
0.21274254850970195,4070913.453542102
0.21284256851370273,1750790.7760294487
0.21294258851770353,152429.27325800702
0.21304260852170434,1977018.1041342926
0.21314262852570515,1687966.5450795384
0.21324264852970595,103060.46903796884
0.21334266853370673,3110975.6800593156
0.21344268853770754,1739239.5988711754
0.21354270854170834,2173448.0909347995
0.21364272854570915,840709.1786444846
0.21374274854970995,1866906.2701527462
0.21384276855371073,1297884.9458190002
0.21394278855771154,1738743.5653635054
0.21404280856171234,1811153.4479376557
0.21414282856571315,3749892.6316108373
0.21424284856971396,3582567.997175074
0.21434286857371473,1684940.2228180273
0.21444288857771554,1308805.4841197226
0.21454290858171635,599020.9768103061
0.21464292858571715,250248.05822442734
0.21474294858971793,3449176.696269864
0.21484296859371874,2160071.6111380635
0.21494298859771954,763895.8400696014
0.21504300860172035,663266.3423550554
0.21514302860572115,2257483.0182017707
0.21524304860972193,4229415.3434905
0.21534306861372274,6106982.041326112
0.21544308861772354,2940727.698380454
0.21554310862172435,1514046.08048179
0.21564312862572516,6581921.851392157
0.21574314862972593,6736091.571489995
0.21584316863372674,2890702.6470647375
0.21594318863772755,4394869.629795394
0.21604320864172835,1334417.771772189
0.21614322864572916,1436321.2693951197
0.21624324864972994,1145885.442336308
0.21634326865373074,4440600.200503067
0.21644328865773155,2102839.1800357946
0.21654330866173235,4291553.060214977
0.21664332866573316,434415.0788988087
0.21674334866973394,95043.9414419953
0.21684336867373474,2793742.7102678493
0.21694338867773555,479536.2752958959
0.21704340868173636,1784140.0212972008
0.21714342868573716,1591123.1719272672
0.21724344868973794,1948640.6739712912
0.21734346869373875,4696039.838326809
0.21744348869773955,2026442.2394025424
0.21754350870174036,1968535.663562834
0.21764352870574113,2792963.7903157948
0.21774354870974194,1377246.2612709517
0.21784356871374275,1887719.2413415154
0.21794358871774355,1989471.140335093
0.21804360872174436,406799.4312926029
0.21814362872574514,1395507.0574580259
0.21824364872974594,2458675.2413914446
0.21834366873374675,2112093.306398231
0.21844368873774755,2513593.856824722
0.21854370874174836,299693.61091088736
0.21864372874574914,3334090.9300378575
0.21874374874974994,4188778.7689227266
0.21884376875375075,582975.4268162329
0.21894378875775156,2289871.043467852
0.21904380876175236,4121387.04557808
0.21914382876575314,1887486.5152283956
0.21924384876975395,702009.028527193
0.21934386877375475,3103126.1143675065
0.21944388877775556,1789355.5756911812
0.21954390878175636,1199362.3676153012
0.21964392878575714,4619005.052050971
0.21974394878975795,8088705.028393719
0.21984396879375875,1270994.0955169918
0.21994398879775956,1171538.9461554026
0.22004400880176037,1474223.2509247377
0.22014402880576114,3257415.3739129826
0.22024404880976195,2123539.248680611
0.22034406881376276,1046499.7464533588
0.22044408881776356,261056.27265486136
0.22054410882176434,1957574.283507756
0.22064412882576515,7351187.177197411
0.22074414882976595,3711598.1895718602
0.22084416883376676,973769.9323474916
0.22094418883776756,3134882.6220571604
0.22104420884176834,1080140.543229087
0.22114422884576915,3042270.3939530286
0.22124424884976995,2927307.4201612296
0.22134426885377076,4850749.869983416
0.22144428885777157,3785457.7652814295
0.22154430886177234,145112.9331605902
0.22164432886577315,704934.159302694
0.22174434886977396,100242.30103995021
0.22184436887377476,163336.988653881
0.22194438887777557,53506.262904197516
0.22204440888177635,720688.515404448
0.22214442888577715,1775082.0759861744
0.22224444888977796,2813815.9902026625
0.22234446889377876,1390601.7025136047
0.22244448889777957,110120.75494050422
0.22254450890178035,1091776.9298577667
0.22264452890578115,591653.3934873602
0.22274454890978196,268253.1423222474
0.22284456891378276,550442.9406673557
0.22294458891778357,1307774.915355579
0.22304460892178435,6260483.755686467
0.22314462892578515,6225809.178350981
0.22324464892978596,512081.94797784183
0.22334466893378677,1193867.9948906861
0.22344468893778754,1542658.7429601797
0.22354470894178835,1103220.1615813323
0.22364472894578916,4993540.455400084
0.22374474894978996,16049784.398037024
0.22384476895379077,5348652.992159254
0.22394478895779155,3518656.1345137833
0.22404480896179235,5005320.095845334
0.22414482896579316,460173.8815808494
0.22424484896979396,146257.5552920915
0.22434486897379477,1241941.2221234944
0.22444488897779555,640127.9262223595
0.22454490898179635,407061.77271734766
0.22464492898579716,972769.9025543251
0.22474494898979797,2404932.4544939008
0.22484496899379877,983086.3707019333
0.22494498899779955,525446.3972795437
0.22504500900180036,779498.5582628413
0.22514502900580116,1088682.069640973
0.22524504900980197,235929.50172285354
0.22534506901380277,2129105.9557658127
0.22544508901780355,4058028.1327072666
0.22554510902180436,5798207.260096436
0.22564512902580516,4157313.1408399115
0.22574514902980597,1985666.3225095202
0.22584516903380678,48336.717144640446
0.22594518903780755,1405886.6668886452
0.22604520904180836,3712006.1307206373
0.22614522904580917,2773817.4710569344
0.22624524904980997,1883773.26394973
0.22634526905381075,1269531.4392868942
0.22644528905781156,397810.0213430808
0.22654530906181236,1923767.5874453175
0.22664532906581317,6184638.110511113
0.22674534906981397,942322.4989390066
0.22684536907381475,1898902.4110356248
0.22694538907781556,701674.7400834915
0.22704540908181636,568085.477850765
0.22714542908581717,1180541.855316094
0.22724544908981797,2510711.812820883
0.22734546909381875,1487506.1354218186
0.22744548909781956,299004.1965412161
0.22754550910182036,2960396.4382596402
0.22764552910582117,4293188.674105276
0.22774554910982198,4030060.1154283267
0.22784556911382275,1664968.2989944348
0.22794558911782356,4405807.989667013
0.22804560912182437,3856533.8022913523
0.22814562912582517,3767809.4445793326
0.22824564912982598,2676515.0158165647
0.22834566913382676,1394267.2515374168
0.22844568913782756,1687175.1347241488
0.22854570914182837,1130987.1181664735
0.22864572914582917,525340.5298856291
0.22874574914982995,2181386.705714061
0.22884576915383076,390207.35221503855
0.22894578915783156,282800.5741178526
0.22904580916183237,1188386.4297705628
0.22914582916583318,33237.84987817115
0.22924584916983395,4584002.936860141
0.22934586917383476,3718780.516231711
0.22944588917783557,1606707.2214793263
0.22954590918183637,3989510.8324664086
0.22964592918583718,3876601.0283749355
0.22974594918983796,705557.2343668431
0.22984596919383876,87205.61566854012
0.22994598919783957,2104341.5518195317
0.23004600920184037,9721957.804513225
0.23014602920584118,6583809.654792191
0.23024604920984196,2971807.465008287
0.23034606921384276,2431930.3915685923
0.23044608921784357,2144385.064646984
0.23054610922184438,4044921.5329577383
0.23064612922584518,2640216.491073285
0.23074614922984596,7058613.123366694
0.23084616923384677,3397250.6766421814
0.23094618923784757,1972910.4660035013
0.23104620924184838,6492498.336888686
0.23114622924584918,6503647.981780177
0.23124624924984996,4611556.508500254
0.23134626925385077,12227338.32748418
0.23144628925785157,495269.656011824
0.23154630926185238,774651.1338366716
0.23164632926585316,1481997.6559575798
0.23174634926985396,178104.85602670856
0.23184636927385477,3570550.974617917
0.23194638927785557,5092371.825960714
0.23204640928185638,1414355.779022405
0.23214642928585716,608862.9015874743
0.23224644928985796,1116471.6259832804
0.23234646929385877,2348239.052842769
0.23244648929785958,418514.4648862332
0.23254650930186038,2224911.108043159
0.23264652930586116,751559.7172080945
0.23274654930986197,310429.5564292491
0.23284656931386277,480994.34487911937
0.23294658931786358,2481336.5140174385
0.23304660932186438,1550576.245066322
0.23314662932586516,47591.191375721784
0.23324664932986597,1669366.3371991306
0.23334666933386677,2024482.5059407242
0.23344668933786758,2407119.8330251314
0.23354670934186839,339448.54802146286
0.23364672934586916,789419.9700534444
0.23374674934986997,1634718.0099439956
0.23384676935387078,3224164.2644910016
0.23394678935787158,412161.78287840163
0.2340468093618724,58014.57554395576
0.23414682936587317,550846.3427651407
0.23424684936987397,1464889.5015851455
0.23434686937387478,3929572.6786892954
0.23444688937787558,8413832.221691743
0.23454690938187636,7828107.627037831
0.23464692938587717,4394725.601207218
0.23474694938987797,670686.153447805
0.23484696939387878,189327.38763861477
0.23494698939787959,421308.08465459064
0.23504700940188036,1147301.318896744
0.23514702940588117,2595345.4312532768
0.23524704940988198,2797497.962778042
0.23534706941388278,1194151.057313738
0.2354470894178836,1118527.4589227692
0.23554710942188437,1142711.7548644359
0.23564712942588517,1573394.6597567047
0.23574714942988598,785612.5970210055
0.23584716943388678,139242.9879468325
0.2359471894378876,2276803.717069064
0.23604720944188837,1126242.6015802845
0.23614722944588917,9685309.958811842
0.23624724944988998,13406744.011551695
0.23634726945389078,5749206.22221042
0.2364472894578916,3631169.2082236055
0.23654730946189237,541220.7039997242
0.23664732946589317,849222.7199351938
0.23674734946989398,981387.1525183568
0.2368473694738948,254992.56810315378
0.2369473894778956,1095695.1389065585
0.23704740948189637,2553557.1097507766
0.23714742948589718,1394488.2446164116
0.23724744948989798,2386793.4822189393
0.2373474694938988,44720.785600987496
0.23744748949789957,32508.488775407262
0.23754750950190037,991854.1005099646
0.23764752950590118,1627453.1266264636
0.23774754950990198,2899742.820902714
0.2378475695139028,4070859.3772915513
0.23794758951790357,318445.0185551127
0.23804760952190437,474773.13048795285
0.23814762952590518,152168.70811269057
0.23824764952990599,4633094.158960135
0.2383476695339068,3873001.831556435
0.23844768953790757,556190.4069001825
0.23854770954190838,3078524.317629453
0.23864772954590918,3421290.9413011987
0.23874774954991,3246870.8277442404
0.2388477695539108,2661594.7735235826
0.23894778955791157,9371296.940802384
0.23904780956191238,8865456.079442183
0.23914782956591318,1368909.992806434
0.239247849569914,918604.0303370578
0.2393478695739148,1941064.0956257205
0.23944788957791557,1929513.7008741947
0.23954790958191638,2572674.123505534
0.23964792958591719,1550847.6110159243
0.239747949589918,2194505.9117969093
0.2398479695939188,1167551.2488507903
0.23994798959791958,119024.51482509688
0.24004800960192038,359993.08097997913
0.2401480296059212,202863.70962008485
0.240248049609922,185616.578707917
0.24034806961392277,731870.3863633418
0.24044808961792358,1001439.2118485356
0.24054810962192438,893084.1988157977
0.2406481296259252,77749.88978385742
0.240748149629926,664570.2272023774
0.24084816963392677,286725.1890761303
0.24094818963792758,616013.1670174767
0.24104820964192838,215228.51416057735
0.2411482296459292,5252423.450586167
0.24124824964993,3426327.043156064
0.24134826965393077,208036.68467475267
0.24144828965793158,2917485.488629682
0.2415483096619324,2756380.6523161912
0.2416483296659332,1501229.6005244856
0.241748349669934,4891403.610795689
0.24184836967393478,61208.81057788724
0.24194838967793558,4670773.769701403
0.2420484096819364,4365979.81354677
0.2421484296859372,644080.0702500294
0.242248449689938,1563060.6720272314
0.24234846969393878,76626.2742201724
0.24244848969793958,2803247.0951893996
0.2425485097019404,4094390.817371761
0.2426485297059412,1856585.0948095908
0.242748549709942,1977577.13506193
0.24284856971394278,4985766.33918418
0.24294858971794359,5659629.601189481
0.2430486097219444,8569210.807503095
0.2431486297259452,2127950.7410193966
0.24324864972994598,1268159.5155981067
0.24334866973394678,1004539.0912524129
0.2434486897379476,1966057.9315396377
0.2435487097419484,2643553.5953457444
0.2436487297459492,6778802.575675756
0.24374874974994998,2954064.688824993
0.24384876975395078,5049490.8534570215
0.2439487897579516,12459172.51343455
0.2440488097619524,6444107.459097861
0.2441488297659532,527659.2712373235
0.24424884976995398,503915.2331575171
0.24434886977395479,1411501.392094451
0.2444488897779556,1809054.7060026187
0.2445489097819564,844632.8371621462
0.2446489297859572,571273.4893933036
0.24474894978995798,1434286.2499377073
0.2448489697939588,422993.9469780558
0.2449489897979596,437441.8774153464
0.2450490098019604,65767.8571254587
0.2451490298059612,282195.12705989403
0.24524904980996198,44065.66352699095
0.2453490698139628,459698.1372419215
0.2454490898179636,750386.1793218005
0.2455491098219644,801862.5198097462
0.2456491298259652,185317.50031758676
0.24574914982996598,70598.4932211629
0.2458491698339668,1224938.8802445196
0.2459491898379676,4863196.529197777
0.2460492098419684,7223776.414910363
0.24614922984596918,2826483.6343073295
0.24624924984997,1578475.350400798
0.2463492698539708,1782846.0333062366
0.2464492898579716,398523.25439922814
0.2465493098619724,366641.3752190688
0.24664932986597318,1536569.9536518222
0.246749349869974,59276.76037773242
0.2468493698739748,5155656.257206028
0.2469493898779756,3738633.3496146216
0.2470494098819764,906170.1675810236
0.24714942988597718,592034.3073248847
0.247249449889978,1013627.7514173097
0.2473494698939788,5947889.681450978
0.2474494898979796,2467689.5677287797
0.2475495099019804,609326.4235996817
0.24764952990598119,1727201.4217794912
0.247749549909982,2076924.9692482185
0.2478495699139828,2768913.850740995
0.2479495899179836,4014560.489894977
0.2480496099219844,5955617.991666282
0.2481496299259852,648366.8848980849
0.248249649929986,4545711.270983291
0.2483496699339868,18280047.177117255
0.2484496899379876,13258729.296054438
0.2485497099419884,4747627.904979183
0.2486497299459892,4991849.361569637
0.24874974994999,2150699.630340898
0.2488497699539908,33756.12801073084
0.2489497899579916,56002.900458391974
0.24904980996199239,962567.0148083913
0.2491498299659932,2102861.088414777
0.249249849969994,1165535.1527343441
0.2493498699739948,1571206.636349759
0.2494498899779956,149134.72205562794
0.2495499099819964,4413037.495766568
0.2496499299859972,1687753.457943199
0.249749949989998,4745056.116758194
0.2498499699939988,3705760.178815241
0.2499499899979996,3236174.1676512286
